run_key	task	execution_scope	jobset	status_at_snapshot	snapshot_utc	source_logdir	source_event	source_snapshot_bytes	output_event	output_bytes	output_sha256	records_seen	records_copied_exactly	records_rewritten	image_values_removed	scalar_tags	scalar_values	text_tensor_values	latest_train_step	latest_train_value	latest_eval_step	latest_eval_value	image_digest	code_revision	launch_script	launch_script_sha256	train_script	train_script_sha256	validation
vr_noalpha_geneval_20260830_091741_PDT	geneval	devbox	-	RUNNING	2026-09-01T03:34:45Z	/mnt/ephemeral/vr-noalpha-runs/vr_noalpha_geneval_20260830_091741_PDT/logs/tensorboard	/mnt/ephemeral/vr-noalpha-runs/vr_noalpha_geneval_20260830_091741_PDT/logs/tensorboard/vr_noalpha_geneval_20260830_091741_PDT_2026.08.30_16.19.45/events.out.tfevents.1788106785.2fa2eb3571f0.938.0	332049	runs/geneval/vr_noalpha_geneval_20260830_091741_PDT/events.out.tfevents.1788106785.2fa2eb3571f0.938.0	332049	aabc30b790768ad2ccfa390ad225ddc77a8bd43367cbfc56dfbed5b86c9c2dec	6138	6138	0	0	44	6136	1	199	0.5523726940155029	200	0.6754286885261536	sha256:531d95485182ec361c3ee5d1a307ddfe931798e81db55725c02048d46e693b5f	470c7ddede70d8fd3ce38de017eeabddd7503072	scripts/baseline_exps/run_sd3_geneval_h200_8gpu_nft-ours-1.singleloss-noalpha.sh	426a265bbe47a553abd4df677967f16d529ca39cff366ac840aa0415c8418b14	scripts/train_nft_sd3_ours-1.singleloss-noalpha.py	ccfe6052f1e964183c75e7ff66f8792433fc5685c7be67860f53f5d43623dec7	PASS
sd35_pickscore_4090_16gpu_flowawr_kl1e-4	pickscore	usw2	kevinliu-vs4flowawrk1-260913-13170361;kevinliu-vs4flowawrk1resume-260917-105350	NOT_PRESENT	2026-09-18T06:35:04.141084Z	/mnt/shared_storage/usr/kevinliu/velocity-reweighting/flowawr_exps/sd35_pickscore_4090_16gpu_flowawr_kl1e-4/logs	/mnt/shared_storage/usr/kevinliu/velocity-reweighting/flowawr_exps/sd35_pickscore_4090_16gpu_flowawr_kl1e-4/logs/flowawr/sd35_pickscore_4090_16gpu_flowawr_kl1e-4_2026.09.13_05.18.25/events.out.tfevents.1789276705.kevinliu-vs4flowawrk1-260913-13170361-workers-0-0-0.937.0@bytes=1553040@sha256=ee451c2abc2305045ed64d8529a94596c24ac96cb2466ebf1572aef30a227fb8;/mnt/shared_storage/usr/kevinliu/velocity-reweighting/flowawr_exps/sd35_pickscore_4090_16gpu_flowawr_kl1e-4/logs/flowawr/sd35_pickscore_4090_16gpu_flowawr_kl1e-4_2026.09.17_11.12.46/events.out.tfevents.1789643566.kevinliu-vs4flowawrk1resume-260917-105350-workers-0-0-0.963.0@bytes=1298744@sha256=b68e5c53d51be28a92487afcbbb7c5397ca34ae60c7a4630dfccffe378754cec	2851784	runs/pickscore/sd35_pickscore_4090_16gpu_flowawr_kl1e-4/events.out.tfevents.image-free	2848901	edc7a749802a4e5ca01d86ac394ed7594b6d5a41cf88aec4d2de9ef744205333	52784	52761	0	0	35	52759	1	1542	0.9186694025993347	1540	0.9136387705802917	sha256:dabc290d5b9c79daa6fe692bd0ece8db5107879ab5805dfc42fe3b398bccbd90;sha256:523202ec238fc042ce188d2d66d164804dfa3f040e0a08a29a2320f264b8cd30	4fee351e616cfcc2220eec12ee7336d89d1aa7f1;82d62f9175f70f79fc15671f182361aa7bb7a22f	scripts/flowawr_exps/run_sd3_4090_16gpu_flowawr_kl1e-4.sh;scripts/flowawr_exps/run_sd3_4090_16gpu_flowawr_kl1e-4.sh	7925b420e74bbbd53573e2eb1d930ceadeca04167edaf37c132d0eab001979c6;7925b420e74bbbd53573e2eb1d930ceadeca04167edaf37c132d0eab001979c6	scripts/train_nft_sd3_ours-singleloss-AWR.py;scripts/train_nft_sd3_ours-singleloss-AWR.py	5de68c40e40d16bee3465c5d84512132969a4038b8930a9eb0a74e7386b77c12;5de68c40e40d16bee3465c5d84512132969a4038b8930a9eb0a74e7386b77c12	PASS
sd35_pickscore_a6000_16gpu_plan12_square_positive_uniform_negative_scale20_kl1e-4	pickscore	usw2	kevinliu-vls16-p12-260930-58c5e07	STOPPED_NUMERICAL_FAILURE	2026-10-01T06:36:32.246228Z	/mnt/shared_storage/usr/kevinliu/velocity-reweighting/experiment_plans/linear_square_ablation/sd35_pickscore_a6000_16gpu_plan12_square_positive_uniform_negative_scale20_kl1e-4/logs	/mnt/shared_storage/usr/kevinliu/velocity-reweighting/experiment_plans/linear_square_ablation/sd35_pickscore_a6000_16gpu_plan12_square_positive_uniform_negative_scale20_kl1e-4/logs/sd35_pickscore_a6000_16gpu_plan12_square_positive_uniform_negative_scale20_kl1e-4_2026.09.30_03.21.26/events.out.tfevents.1790738486.kevinliu-vls16-p12-260930-58c5e07-workers-0-0-0.1157.0@bytes=4054168@sha256=ab8cef10ff52b7b7a7ec98d428afe46d9dbd5a952169038548507f770c53db3b	4054168	runs/pickscore/sd35_pickscore_a6000_16gpu_plan12_square_positive_uniform_negative_scale20_kl1e-4/events.out.tfevents.image-free	4054168	ab8cef10ff52b7b7a7ec98d428afe46d9dbd5a952169038548507f770c53db3b	67080	67080	0	0	71	67074	5	981	0.8481051921844482	980	0.885621190071106	sha256:bbd2fecefcb5afba872216d5739ffe2bcbe73820ed6fca9c369acc57b0e82aea	58c5e07c2ec9db3e6d93a1efd084b8cacfd738f1	scripts/experiment_plans/linear_square_ablation/run_plan12_square_positive_uniform_negative_scale20.sh	2a723b6a55332920396b33fbfda5d7bfc379c6b6c96144856c96e807b1372fb1	scripts/experiment_plans/step1/train_nft_sd3_ours-singleloss-AWR.py	5b00a41a9ec7ad0deb5fd3a3704a9f11f0b8c0443ca2dbfcb712cd1ddca34ab1	PASS
sd35_pickscore_nft_baseline-KL1e-4-beta1.0-fulltime_r1_A6000	pickscore	usw2	kevinliu-valphabaser2-260920-13395254	STOPPED	2026-10-02T07:58:12.660438Z	/mnt/shared_storage/usr/kevinliu/velocity-reweighting/alpha_exps/sd35_pickscore_nft_baseline-KL1e-4-beta1.0-fulltime_r1_A6000/logs	/mnt/shared_storage/usr/kevinliu/velocity-reweighting/alpha_exps/sd35_pickscore_nft_baseline-KL1e-4-beta1.0-fulltime_r1_A6000/logs/alpha_exps/sd35_pickscore_nft_baseline-KL1e-4-beta1.0-fulltime_r1_A6000_2026.09.20_06.08.42/events.out.tfevents.1789884522.kevinliu-valphabaser2-260920-13395254-workers-0-0-0.963.0@bytes=5065708@sha256=0bc621e2ffce38c5089bff3bd234550a718c0a1c22f05be03e8c61279c02d1d6	5065708	runs/pickscore/sd35_pickscore_nft_baseline-KL1e-4-beta1.0-fulltime_r1_A6000/events.out.tfevents.image-free	5065708	0bc621e2ffce38c5089bff3bd234550a718c0a1c22f05be03e8c61279c02d1d6	91635	91635	0	0	37	91633	1	2531	0.9198052883148193	2530	0.9190399646759033	sha256:523202ec238fc042ce188d2d66d164804dfa3f040e0a08a29a2320f264b8cd30	5c258492f57776dff9c34ed1491d4c423563c64d	scripts/alpha_exps/run_sd3_pickscore_a6000_16gpu_nft-baseline.sh	d1d1d078f8ba647a3c13bd792d643b4248b17424467e8203a8fe6744582ca18f	scripts/alpha_exps/train_nft_sd3_origin.py	b9f50a579c7a2248c4bc04a368ca4c48c14dc046e45ea45885ef3cd3124ffce1	PASS
sd35_pickscore_nft_ours-1singleloss-vpred-alpha-old-KL1e-4-beta1.0-fulltime_r1_A6000	pickscore	usw2	kevinliu-valphavold-260920-09363868	STOPPED	2026-10-02T07:58:12.686108Z	/mnt/shared_storage/usr/kevinliu/velocity-reweighting/alpha_exps/sd35_pickscore_nft_ours-1singleloss-vpred-alpha-old-KL1e-4-beta1.0-fulltime_r1_A6000/logs	/mnt/shared_storage/usr/kevinliu/velocity-reweighting/alpha_exps/sd35_pickscore_nft_ours-1singleloss-vpred-alpha-old-KL1e-4-beta1.0-fulltime_r1_A6000/logs/alpha_exps/sd35_pickscore_nft_ours-1singleloss-vpred-alpha-old-KL1e-4-beta1.0-fulltime_r1_A6000_2026.09.20_02.14.14/events.out.tfevents.1789870454.kevinliu-valphavold-260920-09363868-workers-0-0-0.963.0@bytes=5771619@sha256=5241de68f748d1e61721c6ce7e43ee3d188de94e25d5b738ea1092907de5b067	5771619	runs/pickscore/sd35_pickscore_nft_ours-1singleloss-vpred-alpha-old-KL1e-4-beta1.0-fulltime_r1_A6000/events.out.tfevents.image-free	5771619	5241de68f748d1e61721c6ce7e43ee3d188de94e25d5b738ea1092907de5b067	104136	104136	0	0	39	104134	1	2725	0.9198291301727295	2720	0.9165191650390625	sha256:523202ec238fc042ce188d2d66d164804dfa3f040e0a08a29a2320f264b8cd30	5c258492f57776dff9c34ed1491d4c423563c64d	scripts/alpha_exps/run_sd3_pickscore_a6000_16gpu_nft-ours-1.singleloss-alpha-vloss-old.sh	29c7fda841508c0d7d6bb593d78cf786892f4f0c2c2e99f91d9c5f5dfc493e2d	scripts/alpha_exps/train_nft_sd3_ours-1.singleloss-alpha-vloss.py	0be6bcf49427cd55158e62e3307627b9b365dbfce5535a2a99c71dec20aff70b	PASS
sd35_pickscore_nft_ours-1singleloss-xpred-alpha-old-KL1e-4-beta1.0-fulltime_r1_A6000	pickscore	usw2	kevinliu-valphaxold-260920-09364286;kevinliu-valphaxold-260920-09364286	STOPPED;STOPPED	2026-10-02T07:58:13.757358Z	/mnt/shared_storage/usr/kevinliu/velocity-reweighting/alpha_exps/sd35_pickscore_nft_ours-1singleloss-xpred-alpha-old-KL1e-4-beta1.0-fulltime_r1_A6000/logs	/mnt/shared_storage/usr/kevinliu/velocity-reweighting/alpha_exps/sd35_pickscore_nft_ours-1singleloss-xpred-alpha-old-KL1e-4-beta1.0-fulltime_r1_A6000/logs/alpha_exps/sd35_pickscore_nft_ours-1singleloss-xpred-alpha-old-KL1e-4-beta1.0-fulltime_r1_A6000_2026.09.20_02.59.03/events.out.tfevents.1789873144.kevinliu-valphaxold-260920-09364286-workers-0-0-0.966.0@bytes=5687564@sha256=667f79b1ab8e9c9dfd095bf6fae561582d5872ccf5546845ffb4891aac7fae7a;/mnt/shared_storage/usr/kevinliu/velocity-reweighting/alpha_exps/sd35_pickscore_nft_ours-1singleloss-xpred-alpha-old-KL1e-4-beta1.0-fulltime_r1_A6000/logs/alpha_exps/sd35_pickscore_nft_ours-1singleloss-xpred-alpha-old-KL1e-4-beta1.0-fulltime_r1_A6000_2026.09.23_03.03.19/events.out.tfevents.1790132599.kevinliu-valphaxold-260920-09364286-workers-0-0-0.965.0@bytes=1123298@sha256=d3955f672248b7ba078730dc5334215a3e97bb0ad0dc8da3f43578074d601631	6810862	runs/pickscore/sd35_pickscore_nft_ours-1singleloss-xpred-alpha-old-KL1e-4-beta1.0-fulltime_r1_A6000/events.out.tfevents.image-free	6808396	76f34fb95e55d7b93d2e19933a6d64bb1e959e60a6ee6e59ce74bc8d8b8c8def	122842	122828	0	0	39	122826	1	3215	0.9243043065071106	3210	0.9200246334075928	sha256:523202ec238fc042ce188d2d66d164804dfa3f040e0a08a29a2320f264b8cd30;sha256:523202ec238fc042ce188d2d66d164804dfa3f040e0a08a29a2320f264b8cd30	5c258492f57776dff9c34ed1491d4c423563c64d;5c258492f57776dff9c34ed1491d4c423563c64d	scripts/alpha_exps/run_sd3_pickscore_a6000_16gpu_nft-ours-1.singleloss-alpha-old.sh;scripts/alpha_exps/run_sd3_pickscore_a6000_16gpu_nft-ours-1.singleloss-alpha-old.sh	72eb08ca77cfb8cb02c91dda567e04dd063c6dba683367ea3b76ff5cc216a1f5;72eb08ca77cfb8cb02c91dda567e04dd063c6dba683367ea3b76ff5cc216a1f5	scripts/alpha_exps/train_nft_sd3_ours-1.singleloss-alpha.py;scripts/alpha_exps/train_nft_sd3_ours-1.singleloss-alpha.py	aa04ed7b13ea0368d44b2ca0edd2e707c113e845b6465e8a2a69714b4f68820f;aa04ed7b13ea0368d44b2ca0edd2e707c113e845b6465e8a2a69714b4f68820f	PASS
sd35_pickscore_nft_ours-alpha-old-KL1e-4-beta1.0-fulltime_r1_A6000	pickscore	usw2	kevinliu-valphaours-260920-09363453;kevinliu-valphaours-260920-09363453	STOPPED;STOPPED	2026-10-02T07:58:19.653731Z	/mnt/shared_storage/usr/kevinliu/velocity-reweighting/alpha_exps/sd35_pickscore_nft_ours-alpha-old-KL1e-4-beta1.0-fulltime_r1_A6000/logs	/mnt/shared_storage/usr/kevinliu/velocity-reweighting/alpha_exps/sd35_pickscore_nft_ours-alpha-old-KL1e-4-beta1.0-fulltime_r1_A6000/logs/alpha_exps/sd35_pickscore_nft_ours-alpha-old-KL1e-4-beta1.0-fulltime_r1_A6000_2026.09.20_02.14.05/events.out.tfevents.1789870446.kevinliu-valphaours-260920-09363453-workers-0-0-0.969.0@bytes=6185101@sha256=102db478621b06316bc23b37f323d85579304e5dabbb6e7e829f1e1787a4a815;/mnt/shared_storage/usr/kevinliu/velocity-reweighting/alpha_exps/sd35_pickscore_nft_ours-alpha-old-KL1e-4-beta1.0-fulltime_r1_A6000/logs/alpha_exps/sd35_pickscore_nft_ours-alpha-old-KL1e-4-beta1.0-fulltime_r1_A6000_2026.09.23_02.58.46/events.out.tfevents.1790132327.kevinliu-valphaours-260920-09363453-workers-0-0-0.969.0@bytes=559423@sha256=0873fc0701c0cab74b26cef5955908e9b3cfc77d7a1f4b59cb3eb5e5dbf8095d	6744524	runs/pickscore/sd35_pickscore_nft_ours-alpha-old-KL1e-4-beta1.0-fulltime_r1_A6000/events.out.tfevents.image-free	6742094	1ac0fd2e43884fb32c8885c111e191f0df2bd597fcbfb73ac50bddb373ef0d87	121144	121130	0	0	42	121128	1	2939	0.9115261435508728	2930	0.9205262660980225	sha256:523202ec238fc042ce188d2d66d164804dfa3f040e0a08a29a2320f264b8cd30;sha256:523202ec238fc042ce188d2d66d164804dfa3f040e0a08a29a2320f264b8cd30	5c258492f57776dff9c34ed1491d4c423563c64d;5c258492f57776dff9c34ed1491d4c423563c64d	scripts/alpha_exps/run_sd3_pickscore_a6000_16gpu_nft-ours.sh;scripts/alpha_exps/run_sd3_pickscore_a6000_16gpu_nft-ours.sh	8fa94a838726f4346655625b2235572295d43777eee368249f59c06513979f95;8fa94a838726f4346655625b2235572295d43777eee368249f59c06513979f95	scripts/alpha_exps/train_nft_sd3_ours.py;scripts/alpha_exps/train_nft_sd3_ours.py	a57b6135c2edddd5c6c9d8f0a6a4c22bba4fc4666c90b319e548da727f7b9d9d;a57b6135c2edddd5c6c9d8f0a6a4c22bba4fc4666c90b319e548da727f7b9d9d	PASS
sd35-geneval-nft-ours-1singleloss-alpha-old-kl1e-4-beta1-t10of10-r1-20260828	geneval	usw2	kevinliu-vgsao1-260829-01583282	STOPPED	2026-10-02T07:58:17.327818Z	/mnt/shared_storage/usr/kevinliu/velocity-reweighting/baseline_exps/sd35-geneval-nft-ours-1singleloss-alpha-old-kl1e-4-beta1-t10of10-r1-20260828/logs	/mnt/shared_storage/usr/kevinliu/velocity-reweighting/baseline_exps/sd35-geneval-nft-ours-1singleloss-alpha-old-kl1e-4-beta1-t10of10-r1-20260828/logs/baseline_exps/sd35-geneval-nft-ours-1singleloss-alpha-old-kl1e-4-beta1-t10of10-r1-20260828_2026.08.28_18.06.16/events.out.tfevents.1787940377.kevinliu-vgsao1-260829-01583282-workers-0-0-0.2118.0@bytes=1838286@sha256=6edc8d2c8ee9d56f2e7f7957757be401001fdb6e705b95a414c3aadd2a238ce6	1838286	runs/geneval/sd35-geneval-nft-ours-1singleloss-alpha-old-kl1e-4-beta1-t10of10-r1-20260828/events.out.tfevents.image-free	1838286	6edc8d2c8ee9d56f2e7f7957757be401001fdb6e705b95a414c3aadd2a238ce6	32839	32839	0	0	57	32837	1	752	0.9637587070465088	750	0.9701364636421204	sha256:531d95485182ec361c3ee5d1a307ddfe931798e81db55725c02048d46e693b5f	runtime-image-hashes-authoritative	scripts/baseline_exps/run_sd3_4090_16gpu_nft-ours-1.singleloss-alpha-old.sh	e0189a56437627ccfdeeef005ce0d68be9a6fbf6613e76f19ec531e4fd5bfbc6	scripts/train_nft_sd3_ours-1.singleloss-alpha.py	94f92ecb980ecf6b8aff679eca2b9c5f573ed864768f13bfb1d695443e52d233	PASS
sd35-geneval-nft-ours-1singleloss-alpha-theta-kl1e-4-beta1-t10of10-r1-20260828	geneval	usw2	kevinliu-vgsat1-260829-02011656	STOPPED	2026-10-02T07:58:17.374289Z	/mnt/shared_storage/usr/kevinliu/velocity-reweighting/baseline_exps/sd35-geneval-nft-ours-1singleloss-alpha-theta-kl1e-4-beta1-t10of10-r1-20260828/logs	/mnt/shared_storage/usr/kevinliu/velocity-reweighting/baseline_exps/sd35-geneval-nft-ours-1singleloss-alpha-theta-kl1e-4-beta1-t10of10-r1-20260828/logs/baseline_exps/sd35-geneval-nft-ours-1singleloss-alpha-theta-kl1e-4-beta1-t10of10-r1-20260828_2026.08.28_18.07.13/events.out.tfevents.1787940433.kevinliu-vgsat1-260829-02011656-workers-0-0-0.1849.0@bytes=1839302@sha256=a57fa1883b5bf7882ebb822679d75e8b2ddd52039e5cfa78caedbc204c7f5c5a	1839302	runs/geneval/sd35-geneval-nft-ours-1singleloss-alpha-theta-kl1e-4-beta1-t10of10-r1-20260828/events.out.tfevents.image-free	1839302	a57fa1883b5bf7882ebb822679d75e8b2ddd52039e5cfa78caedbc204c7f5c5a	32857	32857	0	0	57	32855	1	753	0.9438657760620117	750	0.9312050342559814	sha256:531d95485182ec361c3ee5d1a307ddfe931798e81db55725c02048d46e693b5f	runtime-image-hashes-authoritative	scripts/baseline_exps/run_sd3_4090_16gpu_nft-ours-1.singleloss-alpha-theta.sh	b727c66dc3c18b5873ab5c7fc1d54a2be7c331c50b3c51cbf4ab51b63c2d3249	scripts/train_nft_sd3_ours-1.singleloss-alpha.py	94f92ecb980ecf6b8aff679eca2b9c5f573ed864768f13bfb1d695443e52d233	PASS
sd35-pickscore-nft-ours-1singleloss-alpha-old-kl1e-4-beta1-t10of10-r1-20260828	pickscore	usw2	kevinliu-vpsao1-260829-02062218	STOPPED	2026-10-02T07:58:18.376874Z	/mnt/shared_storage/usr/kevinliu/velocity-reweighting/baseline_exps/sd35-pickscore-nft-ours-1singleloss-alpha-old-kl1e-4-beta1-t10of10-r1-20260828/logs	/mnt/shared_storage/usr/kevinliu/velocity-reweighting/baseline_exps/sd35-pickscore-nft-ours-1singleloss-alpha-old-kl1e-4-beta1-t10of10-r1-20260828/logs/baseline_exps/sd35-pickscore-nft-ours-1singleloss-alpha-old-kl1e-4-beta1-t10of10-r1-20260828_2026.08.28_18.08.15/events.out.tfevents.1787940496.kevinliu-vpsao1-260829-02062218-workers-0-0-0.958.0@bytes=5391292@sha256=e36328628116bba6f1756e762d314477938dddabb4ba2ab969c09b1d80cd5210	5391292	runs/pickscore/sd35-pickscore-nft-ours-1singleloss-alpha-old-kl1e-4-beta1-t10of10-r1-20260828/events.out.tfevents.image-free	5391292	e36328628116bba6f1756e762d314477938dddabb4ba2ab969c09b1d80cd5210	96877	96877	0	0	42	96875	1	2351	0.9153769016265869	2350	0.9172133803367615	sha256:531d95485182ec361c3ee5d1a307ddfe931798e81db55725c02048d46e693b5f	runtime-image-hashes-authoritative	scripts/baseline_exps/run_sd3_pickscore_4090_16gpu_nft-ours-1.singleloss-alpha-old.sh	04f78f2781a3b1d52c9cecc5641200bb5de1b59cd56e2d3b88ec7a262f88f747	scripts/train_nft_sd3_ours-1.singleloss-alpha.py	94f92ecb980ecf6b8aff679eca2b9c5f573ed864768f13bfb1d695443e52d233	PASS
sd35-pickscore-nft-ours-1singleloss-alpha-theta-kl1e-4-beta1-t10of10-r1-20260828	pickscore	usw2	kevinliu-vpsat1-260829-02080533	STOPPED	2026-10-02T07:58:20.955071Z	/mnt/shared_storage/usr/kevinliu/velocity-reweighting/baseline_exps/sd35-pickscore-nft-ours-1singleloss-alpha-theta-kl1e-4-beta1-t10of10-r1-20260828/logs	/mnt/shared_storage/usr/kevinliu/velocity-reweighting/baseline_exps/sd35-pickscore-nft-ours-1singleloss-alpha-theta-kl1e-4-beta1-t10of10-r1-20260828/logs/baseline_exps/sd35-pickscore-nft-ours-1singleloss-alpha-theta-kl1e-4-beta1-t10of10-r1-20260828_2026.08.28_18.09.58/events.out.tfevents.1787940599.kevinliu-vpsat1-260829-02080533-workers-0-0-0.941.0@bytes=5389017@sha256=4fb880671d349e36b567e8adfcae6d193719c9f039226d07f9e40a0adbc29b9f	5389017	runs/pickscore/sd35-pickscore-nft-ours-1singleloss-alpha-theta-kl1e-4-beta1-t10of10-r1-20260828/events.out.tfevents.image-free	5389017	4fb880671d349e36b567e8adfcae6d193719c9f039226d07f9e40a0adbc29b9f	96836	96836	0	0	42	96834	1	2350	0.9263264536857605	2350	0.9181020855903625	sha256:531d95485182ec361c3ee5d1a307ddfe931798e81db55725c02048d46e693b5f	runtime-image-hashes-authoritative	scripts/baseline_exps/run_sd3_pickscore_4090_16gpu_nft-ours-1.singleloss-alpha-theta.sh	ddddb2952bd9c7c02941a74496f008f00e11bf8c458559378f77c00206cd3ce5	scripts/train_nft_sd3_ours-1.singleloss-alpha.py	94f92ecb980ecf6b8aff679eca2b9c5f573ed864768f13bfb1d695443e52d233	PASS
sd35_pickscore_a6000_16gpu_plan01_linear_scale5_kl1e-4	pickscore	usw2	kevinliu-vls16-p01-260930-58c5e07;kevinliu-vls16-p01-r1-260930-58c5e07;kevinliu-vls16-p01-r2-261001-58c5e07	STOPPED;STOPPED;RUNNING	2026-10-02T07:58:22.307483Z	/mnt/shared_storage/usr/kevinliu/velocity-reweighting/experiment_plans/linear_square_ablation/sd35_pickscore_a6000_16gpu_plan01_linear_scale5_kl1e-4/logs	/mnt/shared_storage/usr/kevinliu/velocity-reweighting/experiment_plans/linear_square_ablation/sd35_pickscore_a6000_16gpu_plan01_linear_scale5_kl1e-4/logs/sd35_pickscore_a6000_16gpu_plan01_linear_scale5_kl1e-4_2026.09.30_03.21.19/events.out.tfevents.1790738479.kevinliu-vls16-p01-260930-58c5e07-workers-0-0-0.1362.0@bytes=1856574@sha256=471edef4b130f082df6690c083abaa01011ad837a5f2fc9a00d5f76b884238d4;/mnt/shared_storage/usr/kevinliu/velocity-reweighting/experiment_plans/linear_square_ablation/sd35_pickscore_a6000_16gpu_plan01_linear_scale5_kl1e-4/logs/sd35_pickscore_a6000_16gpu_plan01_linear_scale5_kl1e-4_2026.09.30_23.32.40/events.out.tfevents.1790811160.kevinliu-vls16-p01-r1-260930-58c5e07-workers-0-0-0.1249.0@bytes=1745260@sha256=62bb4c5763750d8e55f3c6f2cd309e08702a6d9e0aed162ecd4cfcf44daa0bca;/mnt/shared_storage/usr/kevinliu/velocity-reweighting/experiment_plans/linear_square_ablation/sd35_pickscore_a6000_16gpu_plan01_linear_scale5_kl1e-4/logs/sd35_pickscore_a6000_16gpu_plan01_linear_scale5_kl1e-4_2026.10.01_12.54.02/events.out.tfevents.1790859243.kevinliu-vls16-p01-r2-261001-58c5e07-workers-0-0-0.1064.0@bytes=2800437@sha256=eda1b0578696e4f6d1f653ad145605d9cad40449121e51c9a764afaefe813425	6402271	runs/pickscore/sd35_pickscore_a6000_16gpu_plan01_linear_scale5_kl1e-4/events.out.tfevents.image-free	6351792	6585e91ca203c2eae4dcf6863d69b2c6595038dc77eb7a5fc13460232cb5734b	108562	107732	0	0	63	107726	5	1786	0.9098132252693176	1780	0.9151064157485962	sha256:bbd2fecefcb5afba872216d5739ffe2bcbe73820ed6fca9c369acc57b0e82aea;sha256:bbd2fecefcb5afba872216d5739ffe2bcbe73820ed6fca9c369acc57b0e82aea;sha256:bbd2fecefcb5afba872216d5739ffe2bcbe73820ed6fca9c369acc57b0e82aea	58c5e07c2ec9db3e6d93a1efd084b8cacfd738f1;58c5e07c2ec9db3e6d93a1efd084b8cacfd738f1;58c5e07c2ec9db3e6d93a1efd084b8cacfd738f1	scripts/experiment_plans/linear_square_ablation/run_plan01_linear_scale5.sh;scripts/experiment_plans/linear_square_ablation/run_plan01_linear_scale5.sh;scripts/experiment_plans/linear_square_ablation/run_plan01_linear_scale5.sh	c5c244983ad345bb4d2378923ae36418b56cc4c8c6719a95d43ae32ece9c68c4;c5c244983ad345bb4d2378923ae36418b56cc4c8c6719a95d43ae32ece9c68c4;c5c244983ad345bb4d2378923ae36418b56cc4c8c6719a95d43ae32ece9c68c4	scripts/experiment_plans/step1/train_nft_sd3_ours-singleloss-AWR.py;scripts/experiment_plans/step1/train_nft_sd3_ours-singleloss-AWR.py;scripts/experiment_plans/step1/train_nft_sd3_ours-singleloss-AWR.py	5b00a41a9ec7ad0deb5fd3a3704a9f11f0b8c0443ca2dbfcb712cd1ddca34ab1;5b00a41a9ec7ad0deb5fd3a3704a9f11f0b8c0443ca2dbfcb712cd1ddca34ab1;5b00a41a9ec7ad0deb5fd3a3704a9f11f0b8c0443ca2dbfcb712cd1ddca34ab1	PASS
sd35_pickscore_a6000_16gpu_plan02_linear_scale15_resume_kl1e-4	pickscore	usw2	kevinliu-vls16-p02-260930-58c5e07;kevinliu-vls16-p02-r2-261001-58c5e07	STOPPED;RUNNING	2026-10-02T07:58:23.257345Z	/mnt/shared_storage/usr/kevinliu/velocity-reweighting/experiment_plans/linear_square_ablation/sd35_pickscore_a6000_16gpu_plan02_linear_scale15_resume_kl1e-4/logs	/mnt/shared_storage/usr/kevinliu/velocity-reweighting/experiment_plans/linear_square_ablation/sd35_pickscore_a6000_16gpu_plan02_linear_scale15_resume_kl1e-4/logs/sd35_pickscore_a6000_16gpu_plan02_linear_scale15_resume_kl1e-4_2026.09.30_03.23.06/events.out.tfevents.1790738586.kevinliu-vls16-p02-260930-58c5e07-workers-0-0-0.1085.0@bytes=1253@sha256=cb4ee94645ab2012d3dcf5479214f8a70f6373177375645deca8eebf7f1ac0c4;/mnt/shared_storage/usr/kevinliu/velocity-reweighting/experiment_plans/linear_square_ablation/sd35_pickscore_a6000_16gpu_plan02_linear_scale15_resume_kl1e-4/logs/sd35_pickscore_a6000_16gpu_plan02_linear_scale15_resume_kl1e-4_2026.10.01_06.54.40/events.out.tfevents.1790837680.kevinliu-vls16-p02-r2-261001-58c5e07-workers-0-0-0.1084.0@bytes=3676070@sha256=b3fe24a4ed983413456831d3f66c2d5146d111decf39bcccaf374971d8700adc	3677323	runs/pickscore/sd35_pickscore_a6000_16gpu_plan02_linear_scale15_resume_kl1e-4/events.out.tfevents.image-free	3676070	d512ab5ea2a1f97abcf250670bb442a59d775e8e25a69b2a67a48933f76d11e9	62276	62267	0	0	63	62261	5	2032	0.9251155853271484	2030	0.9215461611747742	sha256:bbd2fecefcb5afba872216d5739ffe2bcbe73820ed6fca9c369acc57b0e82aea;sha256:bbd2fecefcb5afba872216d5739ffe2bcbe73820ed6fca9c369acc57b0e82aea	58c5e07c2ec9db3e6d93a1efd084b8cacfd738f1;58c5e07c2ec9db3e6d93a1efd084b8cacfd738f1	scripts/experiment_plans/linear_square_ablation/run_plan02_linear_scale15_resume.sh;scripts/experiment_plans/linear_square_ablation/run_plan02_linear_scale15_resume.sh	861cc16e61a30dcedc204865a4447271db88e3d65b7b6d173c5b107544561d77;861cc16e61a30dcedc204865a4447271db88e3d65b7b6d173c5b107544561d77	scripts/experiment_plans/step1/train_nft_sd3_ours-singleloss-AWR.py;scripts/experiment_plans/step1/train_nft_sd3_ours-singleloss-AWR.py	5b00a41a9ec7ad0deb5fd3a3704a9f11f0b8c0443ca2dbfcb712cd1ddca34ab1;5b00a41a9ec7ad0deb5fd3a3704a9f11f0b8c0443ca2dbfcb712cd1ddca34ab1	PASS
sd35_pickscore_a6000_16gpu_plan03_linear_scale20_kl1e-4	pickscore	usw2	kevinliu-vls16-p03-260930-58c5e07;kevinliu-vls16-p03-r1-260930-58c5e07;kevinliu-vls16-p03-r1-260930-58c5e07	STOPPED;STOPPED;STOPPED	2026-10-02T07:58:24.101691Z	/mnt/shared_storage/usr/kevinliu/velocity-reweighting/experiment_plans/linear_square_ablation/sd35_pickscore_a6000_16gpu_plan03_linear_scale20_kl1e-4/logs	/mnt/shared_storage/usr/kevinliu/velocity-reweighting/experiment_plans/linear_square_ablation/sd35_pickscore_a6000_16gpu_plan03_linear_scale20_kl1e-4/logs/sd35_pickscore_a6000_16gpu_plan03_linear_scale20_kl1e-4_2026.09.30_03.21.23/events.out.tfevents.1790738483.kevinliu-vls16-p03-260930-58c5e07-workers-0-0-0.1124.0@bytes=1854876@sha256=089ab36f70fdb5b39e714f04de910d94479959d79fc8887b0251e97df6cfce5a;/mnt/shared_storage/usr/kevinliu/velocity-reweighting/experiment_plans/linear_square_ablation/sd35_pickscore_a6000_16gpu_plan03_linear_scale20_kl1e-4/logs/sd35_pickscore_a6000_16gpu_plan03_linear_scale20_kl1e-4_2026.09.30_23.31.53/events.out.tfevents.1790811113.kevinliu-vls16-p03-r1-260930-58c5e07-workers-0-0-0.1191.0@bytes=1391040@sha256=af11f2725ce62379e5cd95874f00bd17f34eab67582c69949225ce3ade9424b5;/mnt/shared_storage/usr/kevinliu/velocity-reweighting/experiment_plans/linear_square_ablation/sd35_pickscore_a6000_16gpu_plan03_linear_scale20_kl1e-4/logs/sd35_pickscore_a6000_16gpu_plan03_linear_scale20_kl1e-4_2026.10.01_09.04.03/events.out.tfevents.1790845443.kevinliu-vls16-p03-r1-260930-58c5e07-workers-0-0-0.1106.0@bytes=1745261@sha256=96d4345cad6195662cfee1d94af880a085fb9fcd5b1bcd8c6b2c49c198aaf6bc	4991177	runs/pickscore/sd35_pickscore_a6000_16gpu_plan03_linear_scale20_kl1e-4/events.out.tfevents.image-free	3552608	b31ed133cb43cb171df54531db02d018df244d679f346011b91d91cd806ca562	84656	60309	0	0	63	60303	5	999	0.91504967212677	1000	0.9153414368629456	sha256:bbd2fecefcb5afba872216d5739ffe2bcbe73820ed6fca9c369acc57b0e82aea;sha256:bbd2fecefcb5afba872216d5739ffe2bcbe73820ed6fca9c369acc57b0e82aea;sha256:bbd2fecefcb5afba872216d5739ffe2bcbe73820ed6fca9c369acc57b0e82aea	58c5e07c2ec9db3e6d93a1efd084b8cacfd738f1;58c5e07c2ec9db3e6d93a1efd084b8cacfd738f1;58c5e07c2ec9db3e6d93a1efd084b8cacfd738f1	scripts/experiment_plans/linear_square_ablation/run_plan03_linear_scale20.sh;scripts/experiment_plans/linear_square_ablation/run_plan03_linear_scale20.sh;scripts/experiment_plans/linear_square_ablation/run_plan03_linear_scale20.sh	570affcb864ab1e35903a3fec65c1fc1af4229c8a8ef845dac7918108b68d2aa;570affcb864ab1e35903a3fec65c1fc1af4229c8a8ef845dac7918108b68d2aa;570affcb864ab1e35903a3fec65c1fc1af4229c8a8ef845dac7918108b68d2aa	scripts/experiment_plans/step1/train_nft_sd3_ours-singleloss-AWR.py;scripts/experiment_plans/step1/train_nft_sd3_ours-singleloss-AWR.py;scripts/experiment_plans/step1/train_nft_sd3_ours-singleloss-AWR.py	5b00a41a9ec7ad0deb5fd3a3704a9f11f0b8c0443ca2dbfcb712cd1ddca34ab1;5b00a41a9ec7ad0deb5fd3a3704a9f11f0b8c0443ca2dbfcb712cd1ddca34ab1;5b00a41a9ec7ad0deb5fd3a3704a9f11f0b8c0443ca2dbfcb712cd1ddca34ab1	PASS
sd35_pickscore_a6000_16gpu_plan04_linear_scale30_kl1e-4	pickscore	usw2	kevinliu-vls16-p04-260930-58c5e07;kevinliu-vls16-p04-r1-260930-58c5e07;kevinliu-vls16-p04-r1-260930-58c5e07;kevinliu-vls16-p04-r2-261001-58c5e07	STOPPED;STOPPED;STOPPED;RUNNING	2026-10-02T07:58:34.060724Z	/mnt/shared_storage/usr/kevinliu/velocity-reweighting/experiment_plans/linear_square_ablation/sd35_pickscore_a6000_16gpu_plan04_linear_scale30_kl1e-4/logs	/mnt/shared_storage/usr/kevinliu/velocity-reweighting/experiment_plans/linear_square_ablation/sd35_pickscore_a6000_16gpu_plan04_linear_scale30_kl1e-4/logs/sd35_pickscore_a6000_16gpu_plan04_linear_scale30_kl1e-4_2026.09.30_03.21.24/events.out.tfevents.1790738484.kevinliu-vls16-p04-260930-58c5e07-workers-0-0-0.1172.0@bytes=1853033@sha256=9d3d61d09479debf24c4620200bf76508d91391e20897cbf1d5d9a49c99449dc;/mnt/shared_storage/usr/kevinliu/velocity-reweighting/experiment_plans/linear_square_ablation/sd35_pickscore_a6000_16gpu_plan04_linear_scale30_kl1e-4/logs/sd35_pickscore_a6000_16gpu_plan04_linear_scale30_kl1e-4_2026.09.30_23.32.09/events.out.tfevents.1790811129.kevinliu-vls16-p04-r1-260930-58c5e07-workers-0-0-0.1219.0@bytes=1139@sha256=b3fcb05c0bc5f4e5f0128432349ed1fc0dafe93cf02248d5f0c5978e3bdde02a;/mnt/shared_storage/usr/kevinliu/velocity-reweighting/experiment_plans/linear_square_ablation/sd35_pickscore_a6000_16gpu_plan04_linear_scale30_kl1e-4/logs/sd35_pickscore_a6000_16gpu_plan04_linear_scale30_kl1e-4_2026.09.30_23.34.38/events.out.tfevents.1790811278.kevinliu-vls16-p04-r1-260930-58c5e07-workers-0-0-0.1085.0@bytes=1745261@sha256=7fd6b40b382fabc46e09dc7db5014de03314dfe01c32fb8ab04c4481218757a1;/mnt/shared_storage/usr/kevinliu/velocity-reweighting/experiment_plans/linear_square_ablation/sd35_pickscore_a6000_16gpu_plan04_linear_scale30_kl1e-4/logs/sd35_pickscore_a6000_16gpu_plan04_linear_scale30_kl1e-4_2026.10.01_12.54.01/events.out.tfevents.1790859241.kevinliu-vls16-p04-r2-261001-58c5e07-workers-0-0-0.1073.0@bytes=2796896@sha256=f04d4dcc029d344eee67810391ad1b7c8f70ca04af1fc01808d24468d01b301d	6396329	runs/pickscore/sd35_pickscore_a6000_16gpu_plan04_linear_scale30_kl1e-4/events.out.tfevents.image-free	6348251	1e12dfad187d09340bc6184752ba96ca1da6c2f9082ab581418a568d27e717b2	108449	107672	0	0	63	107666	5	1785	0.9079468846321106	1780	0.9038481712341309	sha256:bbd2fecefcb5afba872216d5739ffe2bcbe73820ed6fca9c369acc57b0e82aea;sha256:bbd2fecefcb5afba872216d5739ffe2bcbe73820ed6fca9c369acc57b0e82aea;sha256:bbd2fecefcb5afba872216d5739ffe2bcbe73820ed6fca9c369acc57b0e82aea;sha256:bbd2fecefcb5afba872216d5739ffe2bcbe73820ed6fca9c369acc57b0e82aea	58c5e07c2ec9db3e6d93a1efd084b8cacfd738f1;58c5e07c2ec9db3e6d93a1efd084b8cacfd738f1;58c5e07c2ec9db3e6d93a1efd084b8cacfd738f1;58c5e07c2ec9db3e6d93a1efd084b8cacfd738f1	scripts/experiment_plans/linear_square_ablation/run_plan04_linear_scale30.sh;scripts/experiment_plans/linear_square_ablation/run_plan04_linear_scale30.sh;scripts/experiment_plans/linear_square_ablation/run_plan04_linear_scale30.sh;scripts/experiment_plans/linear_square_ablation/run_plan04_linear_scale30.sh	b54e03ad6dafd1fae29894f60978efef8ebf614f181c53a9dbca59776cca7f58;b54e03ad6dafd1fae29894f60978efef8ebf614f181c53a9dbca59776cca7f58;b54e03ad6dafd1fae29894f60978efef8ebf614f181c53a9dbca59776cca7f58;b54e03ad6dafd1fae29894f60978efef8ebf614f181c53a9dbca59776cca7f58	scripts/experiment_plans/step1/train_nft_sd3_ours-singleloss-AWR.py;scripts/experiment_plans/step1/train_nft_sd3_ours-singleloss-AWR.py;scripts/experiment_plans/step1/train_nft_sd3_ours-singleloss-AWR.py;scripts/experiment_plans/step1/train_nft_sd3_ours-singleloss-AWR.py	5b00a41a9ec7ad0deb5fd3a3704a9f11f0b8c0443ca2dbfcb712cd1ddca34ab1;5b00a41a9ec7ad0deb5fd3a3704a9f11f0b8c0443ca2dbfcb712cd1ddca34ab1;5b00a41a9ec7ad0deb5fd3a3704a9f11f0b8c0443ca2dbfcb712cd1ddca34ab1;5b00a41a9ec7ad0deb5fd3a3704a9f11f0b8c0443ca2dbfcb712cd1ddca34ab1	PASS
sd35_pickscore_a6000_16gpu_plan07_linear_decay15to7p5_kl1e-4	pickscore	usw2	kevinliu-vls16-p07-260930-58c5e07;kevinliu-vls16-p07-r1-260930-58c5e07;kevinliu-vls16-p07-r2-261001-58c5e07	STOPPED;STOPPED;RUNNING	2026-10-02T07:58:35.333914Z	/mnt/shared_storage/usr/kevinliu/velocity-reweighting/experiment_plans/linear_square_ablation/sd35_pickscore_a6000_16gpu_plan07_linear_decay15to7p5_kl1e-4/logs	/mnt/shared_storage/usr/kevinliu/velocity-reweighting/experiment_plans/linear_square_ablation/sd35_pickscore_a6000_16gpu_plan07_linear_decay15to7p5_kl1e-4/logs/sd35_pickscore_a6000_16gpu_plan07_linear_decay15to7p5_kl1e-4_2026.09.30_03.21.52/events.out.tfevents.1790738513.kevinliu-vls16-p07-260930-58c5e07-workers-0-0-0.1189.0@bytes=1853095@sha256=fe36831acf45a7c39673a41f317d5f5c8b6cfee767928e669e6549243b78ecc3;/mnt/shared_storage/usr/kevinliu/velocity-reweighting/experiment_plans/linear_square_ablation/sd35_pickscore_a6000_16gpu_plan07_linear_decay15to7p5_kl1e-4/logs/sd35_pickscore_a6000_16gpu_plan07_linear_decay15to7p5_kl1e-4_2026.09.30_23.31.57/events.out.tfevents.1790811117.kevinliu-vls16-p07-r1-260930-58c5e07-workers-0-0-0.1198.0@bytes=1745323@sha256=df88897a4d06e6016bbcf61c21a72112d3c5695e1b72a8b858f0461a7ae9e529;/mnt/shared_storage/usr/kevinliu/velocity-reweighting/experiment_plans/linear_square_ablation/sd35_pickscore_a6000_16gpu_plan07_linear_decay15to7p5_kl1e-4/logs/sd35_pickscore_a6000_16gpu_plan07_linear_decay15to7p5_kl1e-4_2026.10.01_12.54.06/events.out.tfevents.1790859246.kevinliu-vls16-p07-r2-261001-58c5e07-workers-0-0-0.1075.0@bytes=2793416@sha256=25eaf785c3813a477c8b7a912931f1b5b3e008c8258aa81a4415032e0116f7a5	6391834	runs/pickscore/sd35_pickscore_a6000_16gpu_plan07_linear_decay15to7p5_kl1e-4/events.out.tfevents.image-free	6344771	0252ce87d8a9d2fd5be12e01be3aac20bd17b5e03077b5711d90e0a868113897	108382	107612	0	0	63	107606	5	1784	0.914372980594635	1780	0.9149795770645142	sha256:bbd2fecefcb5afba872216d5739ffe2bcbe73820ed6fca9c369acc57b0e82aea;sha256:bbd2fecefcb5afba872216d5739ffe2bcbe73820ed6fca9c369acc57b0e82aea;sha256:bbd2fecefcb5afba872216d5739ffe2bcbe73820ed6fca9c369acc57b0e82aea	58c5e07c2ec9db3e6d93a1efd084b8cacfd738f1;58c5e07c2ec9db3e6d93a1efd084b8cacfd738f1;58c5e07c2ec9db3e6d93a1efd084b8cacfd738f1	scripts/experiment_plans/linear_square_ablation/run_plan07_linear_decay15to7p5.sh;scripts/experiment_plans/linear_square_ablation/run_plan07_linear_decay15to7p5.sh;scripts/experiment_plans/linear_square_ablation/run_plan07_linear_decay15to7p5.sh	b2265bed8bfcf512dde0891354ea543191e3e6037e61018403745ee9aea104ed;b2265bed8bfcf512dde0891354ea543191e3e6037e61018403745ee9aea104ed;b2265bed8bfcf512dde0891354ea543191e3e6037e61018403745ee9aea104ed	scripts/experiment_plans/step1/train_nft_sd3_ours-singleloss-AWR.py;scripts/experiment_plans/step1/train_nft_sd3_ours-singleloss-AWR.py;scripts/experiment_plans/step1/train_nft_sd3_ours-singleloss-AWR.py	5b00a41a9ec7ad0deb5fd3a3704a9f11f0b8c0443ca2dbfcb712cd1ddca34ab1;5b00a41a9ec7ad0deb5fd3a3704a9f11f0b8c0443ca2dbfcb712cd1ddca34ab1;5b00a41a9ec7ad0deb5fd3a3704a9f11f0b8c0443ca2dbfcb712cd1ddca34ab1	PASS
sd35_pickscore_a6000_16gpu_plan08_linear_decay15to5_kl1e-4	pickscore	usw2	kevinliu-vls16-p08-260930-58c5e07;kevinliu-vls16-p08-r2-261001-58c5e07	STOPPED;RUNNING	2026-10-02T07:58:28.132684Z	/mnt/shared_storage/usr/kevinliu/velocity-reweighting/experiment_plans/linear_square_ablation/sd35_pickscore_a6000_16gpu_plan08_linear_decay15to5_kl1e-4/logs	/mnt/shared_storage/usr/kevinliu/velocity-reweighting/experiment_plans/linear_square_ablation/sd35_pickscore_a6000_16gpu_plan08_linear_decay15to5_kl1e-4/logs/sd35_pickscore_a6000_16gpu_plan08_linear_decay15to5_kl1e-4_2026.09.30_03.21.35/events.out.tfevents.1790738496.kevinliu-vls16-p08-260930-58c5e07-workers-0-0-0.1157.0@bytes=3552670@sha256=8e6faac6260677fd69c6a5928485ad8054a57c995affe983d8607102fc0b2a0f;/mnt/shared_storage/usr/kevinliu/velocity-reweighting/experiment_plans/linear_square_ablation/sd35_pickscore_a6000_16gpu_plan08_linear_decay15to5_kl1e-4/logs/sd35_pickscore_a6000_16gpu_plan08_linear_decay15to5_kl1e-4_2026.10.01_06.54.44/events.out.tfevents.1790837684.kevinliu-vls16-p08-r2-261001-58c5e07-workers-0-0-0.1122.0@bytes=3678178@sha256=9325817afb29173dc02274c5a17dd013fd8f03cf9576907d09d016b292d9d6f0	7230848	runs/pickscore/sd35_pickscore_a6000_16gpu_plan08_linear_decay15to5_kl1e-4/events.out.tfevents.image-free	7229533	1e6aa0e811eff2760450d7b1e1af7e57a455e6ced4b5666fb174255a5c4dcc55	122612	122603	0	0	63	122597	5	2033	0.9226327538490295	2030	0.916788637638092	sha256:bbd2fecefcb5afba872216d5739ffe2bcbe73820ed6fca9c369acc57b0e82aea;sha256:bbd2fecefcb5afba872216d5739ffe2bcbe73820ed6fca9c369acc57b0e82aea	58c5e07c2ec9db3e6d93a1efd084b8cacfd738f1;58c5e07c2ec9db3e6d93a1efd084b8cacfd738f1	scripts/experiment_plans/linear_square_ablation/run_plan08_linear_decay15to5.sh;scripts/experiment_plans/linear_square_ablation/run_plan08_linear_decay15to5.sh	e4140e8afed92fb7fbf9d6664608af65a60980ad5fd90fd382d6a039f2540514;e4140e8afed92fb7fbf9d6664608af65a60980ad5fd90fd382d6a039f2540514	scripts/experiment_plans/step1/train_nft_sd3_ours-singleloss-AWR.py;scripts/experiment_plans/step1/train_nft_sd3_ours-singleloss-AWR.py	5b00a41a9ec7ad0deb5fd3a3704a9f11f0b8c0443ca2dbfcb712cd1ddca34ab1;5b00a41a9ec7ad0deb5fd3a3704a9f11f0b8c0443ca2dbfcb712cd1ddca34ab1	PASS
sd35_pickscore_a6000_16gpu_plan09_square_positive_scale5_kl1e-4	pickscore	usw2	kevinliu-vls16-p09-260930-58c5e07;kevinliu-vls16-p09-r1-260930-58c5e07;kevinliu-vls16-p09-r1-260930-58c5e07;kevinliu-vls16-p09-r1-260930-58c5e07	STOPPED;STOPPED;STOPPED;STOPPED	2026-10-02T07:58:29.231368Z	/mnt/shared_storage/usr/kevinliu/velocity-reweighting/experiment_plans/linear_square_ablation/sd35_pickscore_a6000_16gpu_plan09_square_positive_scale5_kl1e-4/logs	/mnt/shared_storage/usr/kevinliu/velocity-reweighting/experiment_plans/linear_square_ablation/sd35_pickscore_a6000_16gpu_plan09_square_positive_scale5_kl1e-4/logs/sd35_pickscore_a6000_16gpu_plan09_square_positive_scale5_kl1e-4_2026.09.30_03.21.21/events.out.tfevents.1790738481.kevinliu-vls16-p09-260930-58c5e07-workers-0-0-0.1128.0@bytes=2120650@sha256=2926510759134f741cbd8fc332fb6c5d6d94918874dde40d335f0b1a74de2d9f;/mnt/shared_storage/usr/kevinliu/velocity-reweighting/experiment_plans/linear_square_ablation/sd35_pickscore_a6000_16gpu_plan09_square_positive_scale5_kl1e-4/logs/sd35_pickscore_a6000_16gpu_plan09_square_positive_scale5_kl1e-4_2026.09.30_23.32.11/events.out.tfevents.1790811131.kevinliu-vls16-p09-r1-260930-58c5e07-workers-0-0-0.1224.0@bytes=1728272@sha256=36931d460a115f007e17dffac941e746059a24bc64d8dbdbc82c95e302331cfa;/mnt/shared_storage/usr/kevinliu/velocity-reweighting/experiment_plans/linear_square_ablation/sd35_pickscore_a6000_16gpu_plan09_square_positive_scale5_kl1e-4/logs/sd35_pickscore_a6000_16gpu_plan09_square_positive_scale5_kl1e-4_2026.10.01_09.53.08/events.out.tfevents.1790848388.kevinliu-vls16-p09-r1-260930-58c5e07-workers-0-0-0.1073.0@bytes=272364@sha256=990e9f87defcbc69d1ce7c81e31290c4f68a0f82a16f24931c3a3fa51218d08e;/mnt/shared_storage/usr/kevinliu/velocity-reweighting/experiment_plans/linear_square_ablation/sd35_pickscore_a6000_16gpu_plan09_square_positive_scale5_kl1e-4/logs/sd35_pickscore_a6000_16gpu_plan09_square_positive_scale5_kl1e-4_2026.10.01_11.33.03/events.out.tfevents.1790854384.kevinliu-vls16-p09-r1-260930-58c5e07-workers-0-0-0.1077.0@bytes=2028001@sha256=5dd31ae1b36bdca06d4ab1b2dd6a34b3ff6834e5186a289171a9120d2e720e54	6149287	runs/pickscore/sd35_pickscore_a6000_16gpu_plan09_square_positive_scale5_kl1e-4/events.out.tfevents.image-free	4128578	d584dcc14c2331e98a1bde923452abd2e5c2f26e5a270152658b93d1fb257e00	101636	68309	0	0	71	68303	5	999	0.9110367298126221	1000	0.9096216559410095	sha256:bbd2fecefcb5afba872216d5739ffe2bcbe73820ed6fca9c369acc57b0e82aea;sha256:bbd2fecefcb5afba872216d5739ffe2bcbe73820ed6fca9c369acc57b0e82aea;sha256:bbd2fecefcb5afba872216d5739ffe2bcbe73820ed6fca9c369acc57b0e82aea;sha256:bbd2fecefcb5afba872216d5739ffe2bcbe73820ed6fca9c369acc57b0e82aea	58c5e07c2ec9db3e6d93a1efd084b8cacfd738f1;58c5e07c2ec9db3e6d93a1efd084b8cacfd738f1;58c5e07c2ec9db3e6d93a1efd084b8cacfd738f1;58c5e07c2ec9db3e6d93a1efd084b8cacfd738f1	scripts/experiment_plans/linear_square_ablation/run_plan09_square_positive_scale5.sh;scripts/experiment_plans/linear_square_ablation/run_plan09_square_positive_scale5.sh;scripts/experiment_plans/linear_square_ablation/run_plan09_square_positive_scale5.sh;scripts/experiment_plans/linear_square_ablation/run_plan09_square_positive_scale5.sh	7181f91a28e1b35a8ac63703220e9533c2a0570e58b1b342c9b489ea5cf92f6c;7181f91a28e1b35a8ac63703220e9533c2a0570e58b1b342c9b489ea5cf92f6c;7181f91a28e1b35a8ac63703220e9533c2a0570e58b1b342c9b489ea5cf92f6c;7181f91a28e1b35a8ac63703220e9533c2a0570e58b1b342c9b489ea5cf92f6c	scripts/experiment_plans/step1/train_nft_sd3_ours-singleloss-AWR.py;scripts/experiment_plans/step1/train_nft_sd3_ours-singleloss-AWR.py;scripts/experiment_plans/step1/train_nft_sd3_ours-singleloss-AWR.py;scripts/experiment_plans/step1/train_nft_sd3_ours-singleloss-AWR.py	5b00a41a9ec7ad0deb5fd3a3704a9f11f0b8c0443ca2dbfcb712cd1ddca34ab1;5b00a41a9ec7ad0deb5fd3a3704a9f11f0b8c0443ca2dbfcb712cd1ddca34ab1;5b00a41a9ec7ad0deb5fd3a3704a9f11f0b8c0443ca2dbfcb712cd1ddca34ab1;5b00a41a9ec7ad0deb5fd3a3704a9f11f0b8c0443ca2dbfcb712cd1ddca34ab1	PASS
sd35_pickscore_a6000_16gpu_plan10_square_positive_scale20_kl1e-4	pickscore	usw2	kevinliu-vls16-p10-260930-58c5e07;kevinliu-vls16-p10-r2-261001-58c5e07	STOPPED;RUNNING	2026-10-02T07:58:33.803844Z	/mnt/shared_storage/usr/kevinliu/velocity-reweighting/experiment_plans/linear_square_ablation/sd35_pickscore_a6000_16gpu_plan10_square_positive_scale20_kl1e-4/logs	/mnt/shared_storage/usr/kevinliu/velocity-reweighting/experiment_plans/linear_square_ablation/sd35_pickscore_a6000_16gpu_plan10_square_positive_scale20_kl1e-4/logs/sd35_pickscore_a6000_16gpu_plan10_square_positive_scale20_kl1e-4_2026.09.30_03.21.27/events.out.tfevents.1790738487.kevinliu-vls16-p10-260930-58c5e07-workers-0-0-0.1143.0@bytes=4128579@sha256=ce957a515aefcfc69625714e959e00bea2b5c22e0c75ce084bd3d1a06016c5ae;/mnt/shared_storage/usr/kevinliu/velocity-reweighting/experiment_plans/linear_square_ablation/sd35_pickscore_a6000_16gpu_plan10_square_positive_scale20_kl1e-4/logs/sd35_pickscore_a6000_16gpu_plan10_square_positive_scale20_kl1e-4_2026.10.01_10.19.21/events.out.tfevents.1790849961.kevinliu-vls16-p10-r2-261001-58c5e07-workers-0-0-0.1091.0@bytes=3626806@sha256=197e8838358fd2f5a20a9048eb6a5bba6f81031509f1ef3ea36fb2edf01a87ca	7755385	runs/pickscore/sd35_pickscore_a6000_16gpu_plan10_square_positive_scale20_kl1e-4/events.out.tfevents.image-free	7754121	075874523354f32ba6c0dbb00b550666c57b6fdeca7194427b6447b61b4f1d08	128184	128175	0	0	71	128169	5	1876	0.8843348622322083	1870	0.8928883075714111	sha256:bbd2fecefcb5afba872216d5739ffe2bcbe73820ed6fca9c369acc57b0e82aea;sha256:bbd2fecefcb5afba872216d5739ffe2bcbe73820ed6fca9c369acc57b0e82aea	58c5e07c2ec9db3e6d93a1efd084b8cacfd738f1;58c5e07c2ec9db3e6d93a1efd084b8cacfd738f1	scripts/experiment_plans/linear_square_ablation/run_plan10_square_positive_scale20.sh;scripts/experiment_plans/linear_square_ablation/run_plan10_square_positive_scale20.sh	071f3f71ca6fae18e2cddfedff211d2dac403cc0bd71d9338a4eccb11cd53a2d;071f3f71ca6fae18e2cddfedff211d2dac403cc0bd71d9338a4eccb11cd53a2d	scripts/experiment_plans/step1/train_nft_sd3_ours-singleloss-AWR.py;scripts/experiment_plans/step1/train_nft_sd3_ours-singleloss-AWR.py	5b00a41a9ec7ad0deb5fd3a3704a9f11f0b8c0443ca2dbfcb712cd1ddca34ab1;5b00a41a9ec7ad0deb5fd3a3704a9f11f0b8c0443ca2dbfcb712cd1ddca34ab1	PASS
sd35_pickscore_a6000_16gpu_plan11_square_positive_uniform_negative_scale5_kl1e-4	pickscore	usw2	kevinliu-vls16-p11-260930-58c5e07;kevinliu-vls16-p11-r1-260930-58c5e07;kevinliu-vls16-p11-r1-260930-58c5e07;kevinliu-vls16-p11-r2-261001-58c5e07;kevinliu-vls16-p11-r2-261001-58c5e07	STOPPED;STOPPED;STOPPED;RUNNING;RUNNING	2026-10-02T07:58:36.013808Z	/mnt/shared_storage/usr/kevinliu/velocity-reweighting/experiment_plans/linear_square_ablation/sd35_pickscore_a6000_16gpu_plan11_square_positive_uniform_negative_scale5_kl1e-4/logs	/mnt/shared_storage/usr/kevinliu/velocity-reweighting/experiment_plans/linear_square_ablation/sd35_pickscore_a6000_16gpu_plan11_square_positive_uniform_negative_scale5_kl1e-4/logs/sd35_pickscore_a6000_16gpu_plan11_square_positive_uniform_negative_scale5_kl1e-4_2026.09.30_03.21.26/events.out.tfevents.1790738487.kevinliu-vls16-p11-260930-58c5e07-workers-0-0-0.1133.0@bytes=2116548@sha256=69cdde6a85a4a4289234df74b5a4a3b5d9aa88405f6492bd2ec3e24815948e00;/mnt/shared_storage/usr/kevinliu/velocity-reweighting/experiment_plans/linear_square_ablation/sd35_pickscore_a6000_16gpu_plan11_square_positive_uniform_negative_scale5_kl1e-4/logs/sd35_pickscore_a6000_16gpu_plan11_square_positive_uniform_negative_scale5_kl1e-4_2026.09.30_23.32.05/events.out.tfevents.1790811125.kevinliu-vls16-p11-r1-260930-58c5e07-workers-0-0-0.1191.0@bytes=2028018@sha256=92cd881239a58edbd1bd44bf48d399e0ca1836bc36da413549c961b813250033;/mnt/shared_storage/usr/kevinliu/velocity-reweighting/experiment_plans/linear_square_ablation/sd35_pickscore_a6000_16gpu_plan11_square_positive_uniform_negative_scale5_kl1e-4/logs/sd35_pickscore_a6000_16gpu_plan11_square_positive_uniform_negative_scale5_kl1e-4_2026.10.01_12.53.35/events.out.tfevents.1790859215.kevinliu-vls16-p11-r1-260930-58c5e07-workers-0-0-0.56678.0@bytes=40685@sha256=ab65fa2d05773366ae20a8335266d9fe3669922c4da21371b8f6d6ffab91a026;/mnt/shared_storage/usr/kevinliu/velocity-reweighting/experiment_plans/linear_square_ablation/sd35_pickscore_a6000_16gpu_plan11_square_positive_uniform_negative_scale5_kl1e-4/logs/sd35_pickscore_a6000_16gpu_plan11_square_positive_uniform_negative_scale5_kl1e-4_2026.10.01_14.01.05/events.out.tfevents.1790863265.kevinliu-vls16-p11-r2-261001-58c5e07-workers-0-0-0.1076.0@bytes=268262@sha256=99bf7bcab841f7be1d5a1838af5e2297052c3e89b2fbb123ca196f6ed59c1c18;/mnt/shared_storage/usr/kevinliu/velocity-reweighting/experiment_plans/linear_square_ablation/sd35_pickscore_a6000_16gpu_plan11_square_positive_uniform_negative_scale5_kl1e-4/logs/sd35_pickscore_a6000_16gpu_plan11_square_positive_uniform_negative_scale5_kl1e-4_2026.10.01_15.40.30/events.out.tfevents.1790869231.kevinliu-vls16-p11-r2-261001-58c5e07-workers-0-0-0.1065.0@bytes=2720977@sha256=44e7a0a7a78c8e1c07049d3989876ecae014de0491aeb0e2cafe8c8cf10f7ae6	7174490	runs/pickscore/sd35_pickscore_a6000_16gpu_plan11_square_positive_uniform_negative_scale5_kl1e-4/events.out.tfevents.image-free	6848292	817560543045284aa1ec9bdc03e41792823155951c4541532ebc4d63ce7ff746	118550	113217	0	0	71	113211	5	1657	0.8580939173698425	1650	0.8668496608734131	sha256:bbd2fecefcb5afba872216d5739ffe2bcbe73820ed6fca9c369acc57b0e82aea;sha256:bbd2fecefcb5afba872216d5739ffe2bcbe73820ed6fca9c369acc57b0e82aea;sha256:bbd2fecefcb5afba872216d5739ffe2bcbe73820ed6fca9c369acc57b0e82aea;sha256:bbd2fecefcb5afba872216d5739ffe2bcbe73820ed6fca9c369acc57b0e82aea;sha256:bbd2fecefcb5afba872216d5739ffe2bcbe73820ed6fca9c369acc57b0e82aea	58c5e07c2ec9db3e6d93a1efd084b8cacfd738f1;58c5e07c2ec9db3e6d93a1efd084b8cacfd738f1;58c5e07c2ec9db3e6d93a1efd084b8cacfd738f1;58c5e07c2ec9db3e6d93a1efd084b8cacfd738f1;58c5e07c2ec9db3e6d93a1efd084b8cacfd738f1	scripts/experiment_plans/linear_square_ablation/run_plan11_square_positive_uniform_negative_scale5.sh;scripts/experiment_plans/linear_square_ablation/run_plan11_square_positive_uniform_negative_scale5.sh;scripts/experiment_plans/linear_square_ablation/run_plan11_square_positive_uniform_negative_scale5.sh;scripts/experiment_plans/linear_square_ablation/run_plan11_square_positive_uniform_negative_scale5.sh;scripts/experiment_plans/linear_square_ablation/run_plan11_square_positive_uniform_negative_scale5.sh	299ec0539d7303d715ecb834d325b79265c197a665e3a0606386413102411bf2;299ec0539d7303d715ecb834d325b79265c197a665e3a0606386413102411bf2;299ec0539d7303d715ecb834d325b79265c197a665e3a0606386413102411bf2;299ec0539d7303d715ecb834d325b79265c197a665e3a0606386413102411bf2;299ec0539d7303d715ecb834d325b79265c197a665e3a0606386413102411bf2	scripts/experiment_plans/step1/train_nft_sd3_ours-singleloss-AWR.py;scripts/experiment_plans/step1/train_nft_sd3_ours-singleloss-AWR.py;scripts/experiment_plans/step1/train_nft_sd3_ours-singleloss-AWR.py;scripts/experiment_plans/step1/train_nft_sd3_ours-singleloss-AWR.py;scripts/experiment_plans/step1/train_nft_sd3_ours-singleloss-AWR.py	5b00a41a9ec7ad0deb5fd3a3704a9f11f0b8c0443ca2dbfcb712cd1ddca34ab1;5b00a41a9ec7ad0deb5fd3a3704a9f11f0b8c0443ca2dbfcb712cd1ddca34ab1;5b00a41a9ec7ad0deb5fd3a3704a9f11f0b8c0443ca2dbfcb712cd1ddca34ab1;5b00a41a9ec7ad0deb5fd3a3704a9f11f0b8c0443ca2dbfcb712cd1ddca34ab1;5b00a41a9ec7ad0deb5fd3a3704a9f11f0b8c0443ca2dbfcb712cd1ddca34ab1	PASS
sd35_pickscore_a6000_16gpu_plan13_linear_fork420_scale5_kl1e-4	pickscore	usw2	kevinliu-vls16-p13-260930-b5e774c;kevinliu-vls16-p13-r2-261001-b5e774c	STOPPED;RUNNING	2026-10-02T07:58:39.423638Z	/mnt/shared_storage/usr/kevinliu/velocity-reweighting/experiment_plans/linear_square_ablation/sd35_pickscore_a6000_16gpu_plan13_linear_fork420_scale5_kl1e-4/logs	/mnt/shared_storage/usr/kevinliu/velocity-reweighting/experiment_plans/linear_square_ablation/sd35_pickscore_a6000_16gpu_plan13_linear_fork420_scale5_kl1e-4/logs/sd35_pickscore_a6000_16gpu_plan13_linear_fork420_scale5_kl1e-4_2026.09.30_09.41.42/events.out.tfevents.1790761303.kevinliu-vls16-p13-260930-b5e774c-workers-0-0-0.1079.0@bytes=2066039@sha256=f3dbe232886d721c8b251b0fa1d1f75baf3b85fcb57ccd3a0688924a8a6c40e4;/mnt/shared_storage/usr/kevinliu/velocity-reweighting/experiment_plans/linear_square_ablation/sd35_pickscore_a6000_16gpu_plan13_linear_fork420_scale5_kl1e-4/logs/sd35_pickscore_a6000_16gpu_plan13_linear_fork420_scale5_kl1e-4_2026.10.01_10.19.04/events.out.tfevents.1790849944.kevinliu-vls16-p13-r2-261001-b5e774c-workers-0-0-0.1063.0@bytes=3171090@sha256=14d95bf4082faec0321a6eb5247d0ccd26739c24ededb8bf758ce0aad3ee3957	5237129	runs/pickscore/sd35_pickscore_a6000_16gpu_plan13_linear_fork420_scale5_kl1e-4/events.out.tfevents.image-free	5235426	2ee1d2d49c5c0a92396b831da906818ce195f4acd58d898678527661c97ec010	88689	88679	0	0	63	88672	6	1890	0.9171749949455261	1890	0.9130948781967163	sha256:bbd2fecefcb5afba872216d5739ffe2bcbe73820ed6fca9c369acc57b0e82aea;sha256:bbd2fecefcb5afba872216d5739ffe2bcbe73820ed6fca9c369acc57b0e82aea	b5e774c0faa624afabccdc0fd120bcd458667edd;b5e774c0faa624afabccdc0fd120bcd458667edd	scripts/experiment_plans/linear_square_ablation/run_plan13_linear_fork420_scale5.sh;scripts/experiment_plans/linear_square_ablation/run_plan13_linear_fork420_scale5.sh	bfd9fffddab99b11eb087fc3d8cbf94d7395f871bf3655950ee4d27b6041a39c;bfd9fffddab99b11eb087fc3d8cbf94d7395f871bf3655950ee4d27b6041a39c	scripts/experiment_plans/step1/train_nft_sd3_ours-singleloss-AWR.py;scripts/experiment_plans/step1/train_nft_sd3_ours-singleloss-AWR.py	7b16dd8e910e9852c787cb32bdd6b1387da75cb73304a511bac5af471ba115db;7b16dd8e910e9852c787cb32bdd6b1387da75cb73304a511bac5af471ba115db	PASS
sd35_pickscore_a6000_16gpu_step1_1_linear_scale15_kl1e-4	pickscore	usw2	kevinliu-vs11a16c15-260926-16222061;kevinliu-vs11a16c15-260926-16222061	STOPPED;STOPPED	2026-10-02T07:58:39.256984Z	/mnt/shared_storage/usr/kevinliu/velocity-reweighting/experiment_plans/step1_1_linear_scale15/sd35_pickscore_a6000_16gpu_step1_1_linear_scale15_kl1e-4/logs	/mnt/shared_storage/usr/kevinliu/velocity-reweighting/experiment_plans/step1_1_linear_scale15/sd35_pickscore_a6000_16gpu_step1_1_linear_scale15_kl1e-4/logs/public/experiment_plans/step1_1_linear_scale15/sd35_pickscore_a6000_16gpu_step1_1_linear_scale15_kl1e-4_2026.09.27_16.40.57/events.out.tfevents.1790527257.kevinliu-vs11a16c15-260926-16222061-workers-0-0-0.1032.0@bytes=2719546@sha256=2e3ae17c8c921646b303de87f847895bc50d2827f90ffdd065aa3ac876c4a680;/mnt/shared_storage/usr/kevinliu/velocity-reweighting/experiment_plans/step1_1_linear_scale15/sd35_pickscore_a6000_16gpu_step1_1_linear_scale15_kl1e-4/logs/public/experiment_plans/step1_1_linear_scale15/sd35_pickscore_a6000_16gpu_step1_1_linear_scale15_kl1e-4_2026.09.30_00.21.44/events.out.tfevents.1790727704.kevinliu-vs11a16c15-260926-16222061-workers-0-0-0.1035.0@bytes=215761@sha256=f8e7705e9a238b18201e8d0a90f851e6f183130e1677f9a5a85d3eaeb11089f4	2935307	runs/pickscore/sd35_pickscore_a6000_16gpu_step1_1_linear_scale15_kl1e-4/events.out.tfevents.image-free	2935078	e3a54904594f1ee9e49c49bdbb210ec0e0537cd3a117887aa92bfa4283b1f84a	53604	53601	0	0	37	53599	1	1522	0.9200812578201294	1520	0.9132422208786011	sha256:bbd2fecefcb5afba872216d5739ffe2bcbe73820ed6fca9c369acc57b0e82aea;sha256:bbd2fecefcb5afba872216d5739ffe2bcbe73820ed6fca9c369acc57b0e82aea	f2f4afd0b488796c2c1cade0cb83e79ee467fb56;f2f4afd0b488796c2c1cade0cb83e79ee467fb56	scripts/experiment_plans/step1_1/run_sd3_a6000_16gpu_step1_linear_scale15_kl1e-4.sh;scripts/experiment_plans/step1_1/run_sd3_a6000_16gpu_step1_linear_scale15_kl1e-4.sh	2867074dad7c910d38cac1652635674a538e899cf3c4d1346a6a561cb6f77d1e;2867074dad7c910d38cac1652635674a538e899cf3c4d1346a6a561cb6f77d1e	scripts/experiment_plans/step1/train_nft_sd3_ours-singleloss-AWR.py;scripts/experiment_plans/step1/train_nft_sd3_ours-singleloss-AWR.py	23b93392f1d4e2bf93a79f488a84b62ea9c92d58f981f6fae513006157966cf3;23b93392f1d4e2bf93a79f488a84b62ea9c92d58f981f6fae513006157966cf3	PASS
sd35_pickscore_a6000_16gpu_linear_kl1e-4	pickscore	usw2	kevinliu-vs1a16-260925-08012461;kevinliu-vs1a16-260925-08012461;kevinliu-vs1a16-260925-08012461	STOPPED;STOPPED;STOPPED	2026-10-02T07:58:40.657883Z	/mnt/shared_storage/usr/kevinliu/velocity-reweighting/experiment_plans/step1_linear/sd35_pickscore_a6000_16gpu_linear_kl1e-4/logs	/mnt/shared_storage/usr/kevinliu/velocity-reweighting/experiment_plans/step1_linear/sd35_pickscore_a6000_16gpu_linear_kl1e-4/logs/public/experiment_plans/step1_linear/sd35_pickscore_a6000_16gpu_linear_kl1e-4_2026.09.25_00.16.29/events.out.tfevents.1790295390.kevinliu-vs1a16-260925-08012461-workers-0-0-0.1021.0@bytes=5299706@sha256=3ba6e6f153375ab304a706fed5070f22777503a3994f856fca1ec818a0b6464f;/mnt/shared_storage/usr/kevinliu/velocity-reweighting/experiment_plans/step1_linear/sd35_pickscore_a6000_16gpu_linear_kl1e-4/logs/public/experiment_plans/step1_linear/sd35_pickscore_a6000_16gpu_linear_kl1e-4_2026.09.28_01.05.03/events.out.tfevents.1790557503.kevinliu-vs1a16-260925-08012461-workers-0-0-0.1019.0@bytes=2119126@sha256=069d0dc7123799ec9f13748936f376c48d1a492783c9e8e21f83a5d43513bdab;/mnt/shared_storage/usr/kevinliu/velocity-reweighting/experiment_plans/step1_linear/sd35_pickscore_a6000_16gpu_linear_kl1e-4/logs/public/experiment_plans/step1_linear/sd35_pickscore_a6000_16gpu_linear_kl1e-4_2026.09.30_00.21.44/events.out.tfevents.1790727704.kevinliu-vs1a16-260925-08012461-workers-0-0-0.1014.0@bytes=215706@sha256=c57540443fad1a5fcbd6232a2f3f71b2c08843fc6913740c4d21ea0cdb68d4a4	7634538	runs/pickscore/sd35_pickscore_a6000_16gpu_linear_kl1e-4/events.out.tfevents.image-free	7631652	1be13a5ce9b77e906fb1ad16de62c94b613ae8d2d5b05f4c48790c980e1b059b	139289	139241	0	0	36	139239	1	3955	0.8970512747764587	3950	0.8948748111724854	sha256:bbd2fecefcb5afba872216d5739ffe2bcbe73820ed6fca9c369acc57b0e82aea;sha256:bbd2fecefcb5afba872216d5739ffe2bcbe73820ed6fca9c369acc57b0e82aea;sha256:bbd2fecefcb5afba872216d5739ffe2bcbe73820ed6fca9c369acc57b0e82aea	46bae79b39f3e944b3f4cc65310be2fbee753ff3;46bae79b39f3e944b3f4cc65310be2fbee753ff3;46bae79b39f3e944b3f4cc65310be2fbee753ff3	scripts/experiment_plans/step1/run_sd3_a6000_16gpu_step1_linear_kl1e-4.sh;scripts/experiment_plans/step1/run_sd3_a6000_16gpu_step1_linear_kl1e-4.sh;scripts/experiment_plans/step1/run_sd3_a6000_16gpu_step1_linear_kl1e-4.sh	247ecaf62687656d342f3e4b4b61dc6b958e04f743ac6b81b24e46175294b34a;247ecaf62687656d342f3e4b4b61dc6b958e04f743ac6b81b24e46175294b34a;247ecaf62687656d342f3e4b4b61dc6b958e04f743ac6b81b24e46175294b34a	scripts/experiment_plans/step1/train_nft_sd3_ours-singleloss-AWR.py;scripts/experiment_plans/step1/train_nft_sd3_ours-singleloss-AWR.py;scripts/experiment_plans/step1/train_nft_sd3_ours-singleloss-AWR.py	5015f72b4f7079dca581ec9a4ce1cbd48406ef7b64691c0221cdf82e576f84f6;5015f72b4f7079dca581ec9a4ce1cbd48406ef7b64691c0221cdf82e576f84f6;5015f72b4f7079dca581ec9a4ce1cbd48406ef7b64691c0221cdf82e576f84f6	PASS
sd35_pickscore_a6000_16gpu_step2_scheme1_kl1e-4	pickscore	usw2	kevinliu-vs2s1a16-260928-20521901;kevinliu-vs2s1a16-260928-20521901	STOPPED;STOPPED	2026-10-02T07:58:42.452907Z	/mnt/shared_storage/usr/kevinliu/velocity-reweighting/experiment_plans/step2_scheme1/sd35_pickscore_a6000_16gpu_step2_scheme1_kl1e-4/logs	/mnt/shared_storage/usr/kevinliu/velocity-reweighting/experiment_plans/step2_scheme1/sd35_pickscore_a6000_16gpu_step2_scheme1_kl1e-4/logs/public/experiment_plans/step2_scheme1/sd35_pickscore_a6000_16gpu_step2_scheme1_kl1e-4_2026.09.29_04.20.12/events.out.tfevents.1790655613.kevinliu-vs2s1a16-260928-20521901-workers-0-0-0.1055.0@bytes=157123@sha256=5e7f57ae91138991025a8f6abac5307c5f824d29d177f09a133526d080b6e977;/mnt/shared_storage/usr/kevinliu/velocity-reweighting/experiment_plans/step2_scheme1/sd35_pickscore_a6000_16gpu_step2_scheme1_kl1e-4/logs/public/experiment_plans/step2_scheme1/sd35_pickscore_a6000_16gpu_step2_scheme1_kl1e-4_2026.09.30_00.21.48/events.out.tfevents.1790727709.kevinliu-vs2s1a16-260928-20521901-workers-0-0-0.1043.0@bytes=270405@sha256=8cc74b10c9e8aa64fae2dc6f3d420bb270f27a2b9f2f70cef7fc42a28bebf93d	427528	runs/pickscore/sd35_pickscore_a6000_16gpu_step2_scheme1_kl1e-4/events.out.tfevents.image-free	425386	ab716c468b4d638bec534a90f4a40b5b5515e1d89005475ba6c4b18ac36d3abc	7470	7436	0	0	45	7433	2	171	0.8579570055007935	170	0.8704515695571899	sha256:bbd2fecefcb5afba872216d5739ffe2bcbe73820ed6fca9c369acc57b0e82aea;sha256:bbd2fecefcb5afba872216d5739ffe2bcbe73820ed6fca9c369acc57b0e82aea	f9b5e7cfe3a9b929eaf5086beda0224a4f98957e;f9b5e7cfe3a9b929eaf5086beda0224a4f98957e	scripts/experiment_plans/step2_scheme1/run_sd3_a6000_16gpu_step2_scheme1_kl1e-4.sh;scripts/experiment_plans/step2_scheme1/run_sd3_a6000_16gpu_step2_scheme1_kl1e-4.sh	b83e8ae649db3a1bd5b7b0c2f6753c0108bbdf18c7adb0374202e7f70c9fc141;b83e8ae649db3a1bd5b7b0c2f6753c0108bbdf18c7adb0374202e7f70c9fc141	scripts/experiment_plans/step1/train_nft_sd3_ours-singleloss-AWR.py;scripts/experiment_plans/step1/train_nft_sd3_ours-singleloss-AWR.py	64bf11e4b92b00e2f64c0fd02e9b89e329aea7dcada6e9765f60b9b899566bbc;64bf11e4b92b00e2f64c0fd02e9b89e329aea7dcada6e9765f60b9b899566bbc	PASS
sd35_pickscore_a6000_16gpu_step2_scheme2_kl1e-4	pickscore	usw2	kevinliu-vs2s2a16-260928-20521902;kevinliu-vs2s2a16-260928-20521902	STOPPED;STOPPED	2026-10-02T07:58:43.852083Z	/mnt/shared_storage/usr/kevinliu/velocity-reweighting/experiment_plans/step2_scheme2/sd35_pickscore_a6000_16gpu_step2_scheme2_kl1e-4/logs	/mnt/shared_storage/usr/kevinliu/velocity-reweighting/experiment_plans/step2_scheme2/sd35_pickscore_a6000_16gpu_step2_scheme2_kl1e-4/logs/public/experiment_plans/step2_scheme2/sd35_pickscore_a6000_16gpu_step2_scheme2_kl1e-4_2026.09.29_05.16.39/events.out.tfevents.1790659000.kevinliu-vs2s2a16-260928-20521902-workers-0-0-0.1052.0@bytes=71709@sha256=4ab1e0aa5c7faa21593e252ae9cbaf93b86a4d15fd153fabb2a03c132e44c7bf;/mnt/shared_storage/usr/kevinliu/velocity-reweighting/experiment_plans/step2_scheme2/sd35_pickscore_a6000_16gpu_step2_scheme2_kl1e-4/logs/public/experiment_plans/step2_scheme2/sd35_pickscore_a6000_16gpu_step2_scheme2_kl1e-4_2026.09.30_00.21.53/events.out.tfevents.1790727713.kevinliu-vs2s2a16-260928-20521902-workers-0-0-0.1040.0@bytes=271213@sha256=a949de95f057594ab6692d24410b5dc21a9d0e0b9d18008ad5ef40f2adf16ce9	342922	runs/pickscore/sd35_pickscore_a6000_16gpu_step2_scheme2_kl1e-4/events.out.tfevents.image-free	342596	281c4013d2b3ab2511bfa682a4baa3a049860719569983d26dcd16b5f3803057	6000	5996	0	0	45	5993	2	138	0.8542364239692688	130	0.8737699389457703	sha256:bbd2fecefcb5afba872216d5739ffe2bcbe73820ed6fca9c369acc57b0e82aea;sha256:bbd2fecefcb5afba872216d5739ffe2bcbe73820ed6fca9c369acc57b0e82aea	a9ad975eda4b208b0e9d6ec811c695ad9fd1f305;a9ad975eda4b208b0e9d6ec811c695ad9fd1f305	scripts/experiment_plans/step2_scheme2/run_sd3_a6000_16gpu_step2_scheme2_kl1e-4.sh;scripts/experiment_plans/step2_scheme2/run_sd3_a6000_16gpu_step2_scheme2_kl1e-4.sh	3039bee5389d200beef0a06639107a2d79e2194c09d383a770a5ba9bb46266f2;3039bee5389d200beef0a06639107a2d79e2194c09d383a770a5ba9bb46266f2	scripts/experiment_plans/step1/train_nft_sd3_ours-singleloss-AWR.py;scripts/experiment_plans/step1/train_nft_sd3_ours-singleloss-AWR.py	0c65dcb15ff0e6a7dad856190ef59cfb8726a9dfc15af1c4b7723a9f64f82b90;0c65dcb15ff0e6a7dad856190ef59cfb8726a9dfc15af1c4b7723a9f64f82b90	PASS
sd35_pickscore_a6000_16gpu_step2_scheme2_scale10_kl1e-4	pickscore	usw2	kevinliu-vs2s2c10a16-260928-07570710;kevinliu-vs2s2c10a16-260928-07570710	STOPPED;STOPPED	2026-10-02T07:58:44.361748Z	/mnt/shared_storage/usr/kevinliu/velocity-reweighting/experiment_plans/step2_scheme2_scale10/sd35_pickscore_a6000_16gpu_step2_scheme2_scale10_kl1e-4/logs	/mnt/shared_storage/usr/kevinliu/velocity-reweighting/experiment_plans/step2_scheme2_scale10/sd35_pickscore_a6000_16gpu_step2_scheme2_scale10_kl1e-4/logs/public/experiment_plans/step2_scheme2_scale10/sd35_pickscore_a6000_16gpu_step2_scheme2_scale10_kl1e-4_2026.09.28_23.37.44/events.out.tfevents.1790638664.kevinliu-vs2s2c10a16-260928-07570710-workers-0-0-0.1045.0@bytes=593986@sha256=30f38f25ff8ba002e7205e2546bd3de8e65e83dbb7e03ff503139054bdb070f4;/mnt/shared_storage/usr/kevinliu/velocity-reweighting/experiment_plans/step2_scheme2_scale10/sd35_pickscore_a6000_16gpu_step2_scheme2_scale10_kl1e-4/logs/public/experiment_plans/step2_scheme2_scale10/sd35_pickscore_a6000_16gpu_step2_scheme2_scale10_kl1e-4_2026.09.30_00.22.07/events.out.tfevents.1790727728.kevinliu-vs2s2c10a16-260928-07570710-workers-0-0-0.1043.0@bytes=275490@sha256=46c3b500d7fb6942d35b1fc1241d974a00e135688b76b35f8499f05815a0e7df	869476	runs/pickscore/sd35_pickscore_a6000_16gpu_step2_scheme2_scale10_kl1e-4/events.out.tfevents.image-free	869150	03cb8e10d161b847639c179d042e73400d1000b0864fc889f091936337322dd9	15072	15068	0	0	45	15065	2	348	0.9021561741828918	340	0.9044790863990784	sha256:bbd2fecefcb5afba872216d5739ffe2bcbe73820ed6fca9c369acc57b0e82aea;sha256:bbd2fecefcb5afba872216d5739ffe2bcbe73820ed6fca9c369acc57b0e82aea	a9ad975eda4b208b0e9d6ec811c695ad9fd1f305;a9ad975eda4b208b0e9d6ec811c695ad9fd1f305	scripts/experiment_plans/step2_scheme2/run_sd3_a6000_16gpu_step2_scheme2_scale10_kl1e-4.sh;scripts/experiment_plans/step2_scheme2/run_sd3_a6000_16gpu_step2_scheme2_scale10_kl1e-4.sh	61c1d6c9b4fdd08853d01d09ac69950430cfdb69f02d9710253d97698fe7229d;61c1d6c9b4fdd08853d01d09ac69950430cfdb69f02d9710253d97698fe7229d	scripts/experiment_plans/step1/train_nft_sd3_ours-singleloss-AWR.py;scripts/experiment_plans/step1/train_nft_sd3_ours-singleloss-AWR.py	0c65dcb15ff0e6a7dad856190ef59cfb8726a9dfc15af1c4b7723a9f64f82b90;0c65dcb15ff0e6a7dad856190ef59cfb8726a9dfc15af1c4b7723a9f64f82b90	PASS
sd35_pickscore_a6000_16gpu_step2_scheme2_scale15_kl1e-4	pickscore	usw2	kevinliu-vs2s2c15a16-260928-20011115;kevinliu-vs2s2c15a16-260928-20011115	STOPPED;STOPPED	2026-10-02T07:58:46.310363Z	/mnt/shared_storage/usr/kevinliu/velocity-reweighting/experiment_plans/step2_scheme2_scale15/sd35_pickscore_a6000_16gpu_step2_scheme2_scale15_kl1e-4/logs	/mnt/shared_storage/usr/kevinliu/velocity-reweighting/experiment_plans/step2_scheme2_scale15/sd35_pickscore_a6000_16gpu_step2_scheme2_scale15_kl1e-4/logs/public/experiment_plans/step2_scheme2_scale15/sd35_pickscore_a6000_16gpu_step2_scheme2_scale15_kl1e-4_2026.09.29_03.06.52/events.out.tfevents.1790651213.kevinliu-vs2s2c15a16-260928-20011115-workers-0-0-0.1045.0@bytes=270661@sha256=29ad30784c3e9fbac680a0eb61e77a805c20300d3d86c91e92ece2b99d1a78f1;/mnt/shared_storage/usr/kevinliu/velocity-reweighting/experiment_plans/step2_scheme2_scale15/sd35_pickscore_a6000_16gpu_step2_scheme2_scale15_kl1e-4/logs/public/experiment_plans/step2_scheme2_scale15/sd35_pickscore_a6000_16gpu_step2_scheme2_scale15_kl1e-4_2026.09.30_00.21.51/events.out.tfevents.1790727711.kevinliu-vs2s2c15a16-260928-20011115-workers-0-0-0.1047.0@bytes=274669@sha256=f354f8dfdc6491d0437a5996875e63d0811a9ac9746cd63b7461526bc6d90ae2	545330	runs/pickscore/sd35_pickscore_a6000_16gpu_step2_scheme2_scale15_kl1e-4/events.out.tfevents.image-free	543188	02e53225770eb5784fe01dffad6a41e7171f5ea546cbd8948dd1f55af0c56917	9486	9452	0	0	45	9449	2	218	0.8958308696746826	210	0.9041956663131714	sha256:bbd2fecefcb5afba872216d5739ffe2bcbe73820ed6fca9c369acc57b0e82aea;sha256:bbd2fecefcb5afba872216d5739ffe2bcbe73820ed6fca9c369acc57b0e82aea	a9ad975eda4b208b0e9d6ec811c695ad9fd1f305;a9ad975eda4b208b0e9d6ec811c695ad9fd1f305	scripts/experiment_plans/step2_scheme2/run_sd3_a6000_16gpu_step2_scheme2_scale15_kl1e-4.sh;scripts/experiment_plans/step2_scheme2/run_sd3_a6000_16gpu_step2_scheme2_scale15_kl1e-4.sh	e7c2d87bd4aa96a638254e67a393a4b47cda69b9d61fa70362e45940b97aa203;e7c2d87bd4aa96a638254e67a393a4b47cda69b9d61fa70362e45940b97aa203	scripts/experiment_plans/step1/train_nft_sd3_ours-singleloss-AWR.py;scripts/experiment_plans/step1/train_nft_sd3_ours-singleloss-AWR.py	0c65dcb15ff0e6a7dad856190ef59cfb8726a9dfc15af1c4b7723a9f64f82b90;0c65dcb15ff0e6a7dad856190ef59cfb8726a9dfc15af1c4b7723a9f64f82b90	PASS
sd35_pickscore_a6000_16gpu_step2_scheme3_kl1e-4	pickscore	usw2	kevinliu-vs2s3a16-260928-03044731;kevinliu-vs2s3a16-260928-03044731	STOPPED;STOPPED	2026-10-02T07:58:46.582734Z	/mnt/shared_storage/usr/kevinliu/velocity-reweighting/experiment_plans/step2_scheme3/sd35_pickscore_a6000_16gpu_step2_scheme3_kl1e-4/logs	/mnt/shared_storage/usr/kevinliu/velocity-reweighting/experiment_plans/step2_scheme3/sd35_pickscore_a6000_16gpu_step2_scheme3_kl1e-4/logs/public/experiment_plans/step2_scheme3/sd35_pickscore_a6000_16gpu_step2_scheme3_kl1e-4_2026.09.28_10.17.26/events.out.tfevents.1790590646.kevinliu-vs2s3a16-260928-03044731-workers-0-0-0.1085.0@bytes=2064911@sha256=458dbe9b372aea462e7da2d4d5a1b9cc5d0a9d9fabfc50e42cfe28bab8b8f370;/mnt/shared_storage/usr/kevinliu/velocity-reweighting/experiment_plans/step2_scheme3/sd35_pickscore_a6000_16gpu_step2_scheme3_kl1e-4/logs/public/experiment_plans/step2_scheme3/sd35_pickscore_a6000_16gpu_step2_scheme3_kl1e-4_2026.09.30_00.27.22/events.out.tfevents.1790728043.kevinliu-vs2s3a16-260928-03044731-workers-0-0-0.1042.0@bytes=298193@sha256=91b989c97ff8eb63e071feb495b3ea2354f65fb8e3d10ed10aee860d27c4231c	2363104	runs/pickscore/sd35_pickscore_a6000_16gpu_step2_scheme3_kl1e-4/events.out.tfevents.image-free	2360485	2bc6a3fef0d3a005cc50eae29fd5dc4382afb6e03b34199ab8e7b516774cb645	40186	40145	0	0	52	40142	2	832	0.8427248001098633	830	0.8609544038772583	sha256:bbd2fecefcb5afba872216d5739ffe2bcbe73820ed6fca9c369acc57b0e82aea;sha256:bbd2fecefcb5afba872216d5739ffe2bcbe73820ed6fca9c369acc57b0e82aea	ca2e1c2fe3c221dd2da2868b16eb6bbb47bdbfcc;ca2e1c2fe3c221dd2da2868b16eb6bbb47bdbfcc	scripts/experiment_plans/step2_scheme3/run_sd3_a6000_16gpu_step2_scheme3_kl1e-4.sh;scripts/experiment_plans/step2_scheme3/run_sd3_a6000_16gpu_step2_scheme3_kl1e-4.sh	c7b14a666b81c207c267d9ddb204d5dac49d9f300150927122d1895b5d1096ba;c7b14a666b81c207c267d9ddb204d5dac49d9f300150927122d1895b5d1096ba	scripts/experiment_plans/step1/train_nft_sd3_ours-singleloss-AWR.py;scripts/experiment_plans/step1/train_nft_sd3_ours-singleloss-AWR.py	33af5b16b5c5e1468b608ec643de1e93b1a72e92752bf49425b12d8cec104a57;33af5b16b5c5e1468b608ec643de1e93b1a72e92752bf49425b12d8cec104a57	PASS
sd35_pickscore_a6000_16gpu_step2_scheme4_kl1e-4	pickscore	usw2	kevinliu-vs2s4a16-260928-03044732;kevinliu-vs2s4a16-260928-03044732	STOPPED;STOPPED	2026-10-02T07:58:47.970413Z	/mnt/shared_storage/usr/kevinliu/velocity-reweighting/experiment_plans/step2_scheme4/sd35_pickscore_a6000_16gpu_step2_scheme4_kl1e-4/logs	/mnt/shared_storage/usr/kevinliu/velocity-reweighting/experiment_plans/step2_scheme4/sd35_pickscore_a6000_16gpu_step2_scheme4_kl1e-4/logs/public/experiment_plans/step2_scheme4/sd35_pickscore_a6000_16gpu_step2_scheme4_kl1e-4_2026.09.28_10.20.01/events.out.tfevents.1790590801.kevinliu-vs2s4a16-260928-03044732-workers-0-0-0.1084.0@bytes=2284913@sha256=6149763d702f708f6b77e28308f7dede836d3e567f0088d8f1b83035e1ce2ffd;/mnt/shared_storage/usr/kevinliu/velocity-reweighting/experiment_plans/step2_scheme4/sd35_pickscore_a6000_16gpu_step2_scheme4_kl1e-4/logs/public/experiment_plans/step2_scheme4/sd35_pickscore_a6000_16gpu_step2_scheme4_kl1e-4_2026.09.30_00.27.25/events.out.tfevents.1790728045.kevinliu-vs2s4a16-260928-03044732-workers-0-0-0.1046.0@bytes=331577@sha256=6dcaaf66e2a36430e6c734f85dd4657c7e9afc7f93ff797b08f9c0ed797ba507	2616490	runs/pickscore/sd35_pickscore_a6000_16gpu_step2_scheme4_kl1e-4/events.out.tfevents.image-free	2613533	d6e4cac696a736d0395de321f896792e8bec53ccc537d2eb48435120b55501b2	43837	43791	0	0	57	43788	2	822	0.8862980604171753	820	0.8835445642471313	sha256:bbd2fecefcb5afba872216d5739ffe2bcbe73820ed6fca9c369acc57b0e82aea;sha256:bbd2fecefcb5afba872216d5739ffe2bcbe73820ed6fca9c369acc57b0e82aea	3c1506088d7e0da31a5f85ad64f78905502ea370;3c1506088d7e0da31a5f85ad64f78905502ea370	scripts/experiment_plans/step2_scheme4/run_sd3_a6000_16gpu_step2_scheme4_kl1e-4.sh;scripts/experiment_plans/step2_scheme4/run_sd3_a6000_16gpu_step2_scheme4_kl1e-4.sh	034c74193059b41aeb776376048282b40365d3a7dbac9c89293d169084800140;034c74193059b41aeb776376048282b40365d3a7dbac9c89293d169084800140	scripts/experiment_plans/step1/train_nft_sd3_ours-singleloss-AWR.py;scripts/experiment_plans/step1/train_nft_sd3_ours-singleloss-AWR.py	8144b384e75f87f5dfc5400be5489b4c5764a4f4d59ae737842a266edd20e94d;8144b384e75f87f5dfc5400be5489b4c5764a4f4d59ae737842a266edd20e94d	PASS
sd35_pickscore_4090_16gpu_flowawr_kl1e-4-r2-20260916	pickscore	usw2	kevinliu-vs4flowawrk1r2-260916-18013837	STOPPED	2026-10-02T07:58:48.268840Z	/mnt/shared_storage/usr/kevinliu/velocity-reweighting/flowawr_exps/sd35_pickscore_4090_16gpu_flowawr_kl1e-4-r2-20260916/logs	/mnt/shared_storage/usr/kevinliu/velocity-reweighting/flowawr_exps/sd35_pickscore_4090_16gpu_flowawr_kl1e-4-r2-20260916/logs/flowawr/sd35_pickscore_4090_16gpu_flowawr_kl1e-4-r2-20260916_2026.09.16_10.03.55/events.out.tfevents.1789553035.kevinliu-vs4flowawrk1r2-260916-18013837-workers-0-0-0.960.0@bytes=1744065@sha256=585b8286b3e40993afea79a4897c8778afebf23a73c3a9238ddec3e149162b6c	1744065	runs/pickscore/sd35_pickscore_4090_16gpu_flowawr_kl1e-4-r2-20260916/events.out.tfevents.image-free	1744065	585b8286b3e40993afea79a4897c8778afebf23a73c3a9238ddec3e149162b6c	32322	32322	0	0	35	32320	1	944	0.9095607399940491	940	0.9148662090301514	sha256:523202ec238fc042ce188d2d66d164804dfa3f040e0a08a29a2320f264b8cd30	82d62f9175f70f79fc15671f182361aa7bb7a22f	scripts/flowawr_exps/run_sd3_4090_16gpu_flowawr_kl1e-4.sh	7925b420e74bbbd53573e2eb1d930ceadeca04167edaf37c132d0eab001979c6	scripts/train_nft_sd3_ours-singleloss-AWR.py	5de68c40e40d16bee3465c5d84512132969a4038b8930a9eb0a74e7386b77c12	PASS
sd35_pickscore_4090_16gpu_flowawr_withDelta_kl1e-4	pickscore	usw2	kevinliu-vflowawrd-260922-23414976;kevinliu-vflowawrd-260925-07231072	STOPPED;STOPPED	2026-10-02T07:58:49.925834Z	/mnt/shared_storage/usr/kevinliu/velocity-reweighting/flowawr_exps/sd35_pickscore_4090_16gpu_flowawr_withDelta_kl1e-4/logs	/mnt/shared_storage/usr/kevinliu/velocity-reweighting/flowawr_exps/sd35_pickscore_4090_16gpu_flowawr_withDelta_kl1e-4/logs/flowawr/sd35_pickscore_4090_16gpu_flowawr_withDelta_kl1e-4_2026.09.22_15.48.45/events.out.tfevents.1790092125.kevinliu-vflowawrd-260922-23414976-workers-0-0-0.973.0@bytes=11937@sha256=fde38bc5599352896ad9a7805bbbbd0c351e6bd1f667300ea9da01f484572804;/mnt/shared_storage/usr/kevinliu/velocity-reweighting/flowawr_exps/sd35_pickscore_4090_16gpu_flowawr_withDelta_kl1e-4/logs/flowawr/sd35_pickscore_4090_16gpu_flowawr_withDelta_kl1e-4_2026.09.24_23.28.26/events.out.tfevents.1790292506.kevinliu-vflowawrd-260925-07231072-workers-0-0-0.1102.0@bytes=7170641@sha256=708d4bf9bcab995788a117caa4bab05e11109c40adf4eaa0f3e7afbd87e6cfe0	7182578	runs/pickscore/sd35_pickscore_4090_16gpu_flowawr_withDelta_kl1e-4/events.out.tfevents.image-free	7179696	dd0803fb6571d9eacad0378e11a001d847f6f79838c0a3adbbb6b7a691e84e27	132914	132891	0	0	35	132889	1	3885	0.9361764192581177	3880	0.9361443519592285	sha256:bbd2fecefcb5afba872216d5739ffe2bcbe73820ed6fca9c369acc57b0e82aea;sha256:bbd2fecefcb5afba872216d5739ffe2bcbe73820ed6fca9c369acc57b0e82aea	c461f80d8ba8e5acfc87bfb2ae1d588ecdf8b4dd;c461f80d8ba8e5acfc87bfb2ae1d588ecdf8b4dd	scripts/flowawr_exps/run_sd3_4090_16gpu_flowawr_withDelta_kl1e-4.sh;scripts/flowawr_exps/run_sd3_4090_16gpu_flowawr_withDelta_kl1e-4.sh	9f51672921d496189b914627e6d9e729f0fd429b6d0f3a3efc23ed2dc184d3d1;9f51672921d496189b914627e6d9e729f0fd429b6d0f3a3efc23ed2dc184d3d1	scripts/train_nft_sd3_ours-singleloss-AWR-withDelta.py;scripts/train_nft_sd3_ours-singleloss-AWR-withDelta.py	14e349c3d37f923632cc933e26be81249464a0b18faab0234c4ad17200089969;14e349c3d37f923632cc933e26be81249464a0b18faab0234c4ad17200089969	PASS
sd35-geneval-nft-ours-4selection-b-rho-1of2-kl1e-4-beta0p2-fulltime-r1-20260909	geneval	usw2	kevinliu-vs4b12b02-260910-01061769	STOPPED	2026-10-02T07:58:50.400895Z	/mnt/shared_storage/usr/kevinliu/velocity-reweighting/weight_exps/sd35-geneval-nft-ours-4selection-b-rho-1of2-kl1e-4-beta0p2-fulltime-r1-20260909/logs	/mnt/shared_storage/usr/kevinliu/velocity-reweighting/weight_exps/sd35-geneval-nft-ours-4selection-b-rho-1of2-kl1e-4-beta0p2-fulltime-r1-20260909/logs/weight_exps/sd35-geneval-nft-ours-4selection-b-rho-1of2-kl1e-4-beta0p2-fulltime-r1-20260909_2026.09.09_17.12.26/events.out.tfevents.1788973946.kevinliu-vs4b12b02-260910-01061769-workers-0-0-0.1855.0@bytes=704809@sha256=852025da497efd85db5c86037d0ac7d1748cfb6b7e42d89b0c96b619d23eb4d3	704809	runs/geneval/sd35-geneval-nft-ours-4selection-b-rho-1of2-kl1e-4-beta0p2-fulltime-r1-20260909/events.out.tfevents.image-free	704809	852025da497efd85db5c86037d0ac7d1748cfb6b7e42d89b0c96b619d23eb4d3	12714	12714	0	0	51	12712	1	337	0.8786892890930176	330	0.9010791182518005	sha256:e7f5f08a1bfb492f19dfdffc589fbf56f6a4650b06de583d8b5298e19cf04d66	269270ef1211b603a3fa4e1364434b4f30389971	scripts/weight_exps/run_sd3_4090_16gpu_nft-ours-4.selection-b-rho-1of2-beta0.2.sh	490f34283fb600db3a6a65ce5a61837581d35064f88811646a5b2cde5bbbbd86	scripts/train_nft_sd3_ours-4.singleloss-alpha-selection.py	bd6650a7721ed04dd66f31f53b7ea2a27c5a801f17512723027412494ac8048c	PASS
sd35-geneval-nft-ours-4selection-b-rho-1of2-kl1e-4-beta1-fulltime-r1-20260908	geneval	usw2	kevinliu-vs4b12-260909-00003592;kevinliu-vs4b12-260909-00003592;kevinliu-vs4b12-260909-00003592	STOPPED;STOPPED;STOPPED	2026-10-02T07:58:52.088768Z	/mnt/shared_storage/usr/kevinliu/velocity-reweighting/weight_exps/sd35-geneval-nft-ours-4selection-b-rho-1of2-kl1e-4-beta1-fulltime-r1-20260908/logs	/mnt/shared_storage/usr/kevinliu/velocity-reweighting/weight_exps/sd35-geneval-nft-ours-4selection-b-rho-1of2-kl1e-4-beta1-fulltime-r1-20260908/logs/weight_exps/sd35-geneval-nft-ours-4selection-b-rho-1of2-kl1e-4-beta1-fulltime-r1-20260908_2026.09.08_16.03.03/events.out.tfevents.1788883384.kevinliu-vs4b12-260909-00003592-workers-0-0-0.1901.0@bytes=186728@sha256=f166d83f174520d7d392a8ff7b74d1668100054ce0ea40e0b37383dd9a3db699;/mnt/shared_storage/usr/kevinliu/velocity-reweighting/weight_exps/sd35-geneval-nft-ours-4selection-b-rho-1of2-kl1e-4-beta1-fulltime-r1-20260908/logs/weight_exps/sd35-geneval-nft-ours-4selection-b-rho-1of2-kl1e-4-beta1-fulltime-r1-20260908_2026.09.08_23.44.58/events.out.tfevents.1788911099.kevinliu-vs4b12-260909-00003592-workers-0-0-0.1839.0@bytes=24454@sha256=25d94dd63cc343fea60af94949a093a9725f49429629266323406124cde3b5f0;/mnt/shared_storage/usr/kevinliu/velocity-reweighting/weight_exps/sd35-geneval-nft-ours-4selection-b-rho-1of2-kl1e-4-beta1-fulltime-r1-20260908/logs/weight_exps/sd35-geneval-nft-ours-4selection-b-rho-1of2-kl1e-4-beta1-fulltime-r1-20260908_2026.09.09_00.49.51/events.out.tfevents.1788914991.kevinliu-vs4b12-260909-00003592-workers-0-0-0.1838.0@bytes=421615@sha256=e8b53785fa17416c52f728810aa5af3de57cc2a36140052fe0cfdc6040c7b2a3	632797	runs/geneval/sd35-geneval-nft-ours-4selection-b-rho-1of2-kl1e-4-beta1-fulltime-r1-20260908/events.out.tfevents.image-free	625194	6a0c77748a860a57839dc97d1f8c404065bac6ce08d830c4d84c7372096f30db	11358	11282	0	0	51	11280	1	299	0.894820511341095	290	0.8096147775650024	sha256:e7f5f08a1bfb492f19dfdffc589fbf56f6a4650b06de583d8b5298e19cf04d66;sha256:e7f5f08a1bfb492f19dfdffc589fbf56f6a4650b06de583d8b5298e19cf04d66;sha256:e7f5f08a1bfb492f19dfdffc589fbf56f6a4650b06de583d8b5298e19cf04d66	269270ef1211b603a3fa4e1364434b4f30389971;269270ef1211b603a3fa4e1364434b4f30389971;269270ef1211b603a3fa4e1364434b4f30389971	scripts/weight_exps/run_sd3_4090_16gpu_nft-ours-4.selection-b-rho-1of2-beta1.0.sh;scripts/weight_exps/run_sd3_4090_16gpu_nft-ours-4.selection-b-rho-1of2-beta1.0.sh;scripts/weight_exps/run_sd3_4090_16gpu_nft-ours-4.selection-b-rho-1of2-beta1.0.sh	48105396966cd1589bc60b0c2e940dbd1f0171275c1c96d523696af114e32d9b;48105396966cd1589bc60b0c2e940dbd1f0171275c1c96d523696af114e32d9b;48105396966cd1589bc60b0c2e940dbd1f0171275c1c96d523696af114e32d9b	scripts/train_nft_sd3_ours-4.singleloss-alpha-selection.py;scripts/train_nft_sd3_ours-4.singleloss-alpha-selection.py;scripts/train_nft_sd3_ours-4.singleloss-alpha-selection.py	bd6650a7721ed04dd66f31f53b7ea2a27c5a801f17512723027412494ac8048c;bd6650a7721ed04dd66f31f53b7ea2a27c5a801f17512723027412494ac8048c;bd6650a7721ed04dd66f31f53b7ea2a27c5a801f17512723027412494ac8048c	PASS
sd35-geneval-nft-ours-4selection-b-rho-1of3-kl1e-4-beta0p2-fulltime-r1-20260909	geneval	usw2	kevinliu-vs4b13b02-260910-01071253	STOPPED	2026-10-02T07:58:51.704479Z	/mnt/shared_storage/usr/kevinliu/velocity-reweighting/weight_exps/sd35-geneval-nft-ours-4selection-b-rho-1of3-kl1e-4-beta0p2-fulltime-r1-20260909/logs	/mnt/shared_storage/usr/kevinliu/velocity-reweighting/weight_exps/sd35-geneval-nft-ours-4selection-b-rho-1of3-kl1e-4-beta0p2-fulltime-r1-20260909/logs/weight_exps/sd35-geneval-nft-ours-4selection-b-rho-1of3-kl1e-4-beta0p2-fulltime-r1-20260909_2026.09.09_17.15.03/events.out.tfevents.1788974103.kevinliu-vs4b13b02-260910-01071253-workers-0-0-0.1837.0@bytes=702841@sha256=c20ac492fa4cec87f54940cf9c740ec658753533d33fabce03499850f3223bc0	702841	runs/geneval/sd35-geneval-nft-ours-4selection-b-rho-1of3-kl1e-4-beta0p2-fulltime-r1-20260909/events.out.tfevents.image-free	702841	c20ac492fa4cec87f54940cf9c740ec658753533d33fabce03499850f3223bc0	12678	12678	0	0	51	12676	1	336	0.7787905335426331	330	0.8416141867637634	sha256:e7f5f08a1bfb492f19dfdffc589fbf56f6a4650b06de583d8b5298e19cf04d66	269270ef1211b603a3fa4e1364434b4f30389971	scripts/weight_exps/run_sd3_4090_16gpu_nft-ours-4.selection-b-rho-1of3-beta0.2.sh	8792df125bc4864787482deb87ee91d75ee6b26a051dc109efbe53a3839854bb	scripts/train_nft_sd3_ours-4.singleloss-alpha-selection.py	bd6650a7721ed04dd66f31f53b7ea2a27c5a801f17512723027412494ac8048c	PASS
sd35-geneval-nft-ours-4selection-b-rho-1of3-kl1e-4-beta1-fulltime-r1-20260908	geneval	usw2	kevinliu-vs4b13-260909-00004968;kevinliu-vs4b13-260909-00004968	STOPPED;STOPPED	2026-10-02T07:58:53.968887Z	/mnt/shared_storage/usr/kevinliu/velocity-reweighting/weight_exps/sd35-geneval-nft-ours-4selection-b-rho-1of3-kl1e-4-beta1-fulltime-r1-20260908/logs	/mnt/shared_storage/usr/kevinliu/velocity-reweighting/weight_exps/sd35-geneval-nft-ours-4selection-b-rho-1of3-kl1e-4-beta1-fulltime-r1-20260908/logs/weight_exps/sd35-geneval-nft-ours-4selection-b-rho-1of3-kl1e-4-beta1-fulltime-r1-20260908_2026.09.08_16.03.01/events.out.tfevents.1788883381.kevinliu-vs4b13-260909-00004968-workers-0-0-0.1902.0@bytes=178955@sha256=228c87c4cd206109e6585274cd250836788724f0fd975b821c7528f9faac2303;/mnt/shared_storage/usr/kevinliu/velocity-reweighting/weight_exps/sd35-geneval-nft-ours-4selection-b-rho-1of3-kl1e-4-beta1-fulltime-r1-20260908/logs/weight_exps/sd35-geneval-nft-ours-4selection-b-rho-1of3-kl1e-4-beta1-fulltime-r1-20260908_2026.09.08_23.23.14/events.out.tfevents.1788909795.kevinliu-vs4b13-260909-00004968-workers-0-0-0.1841.0@bytes=478014@sha256=cfc883c820560bc7df1b1d1c1def527ffddf80404eafff1e8d5040fa74a11f64	656969	runs/geneval/sd35-geneval-nft-ours-4selection-b-rho-1of3-kl1e-4-beta1-fulltime-r1-20260908/events.out.tfevents.image-free	655189	72cd8ef52a777bd6a617b412258eae0e997e73f53531ee3463fec12604dce267	11820	11818	0	0	51	11816	1	313	0.017288774251937866	310	0.016112109646201134	sha256:e7f5f08a1bfb492f19dfdffc589fbf56f6a4650b06de583d8b5298e19cf04d66;sha256:e7f5f08a1bfb492f19dfdffc589fbf56f6a4650b06de583d8b5298e19cf04d66	269270ef1211b603a3fa4e1364434b4f30389971;269270ef1211b603a3fa4e1364434b4f30389971	scripts/weight_exps/run_sd3_4090_16gpu_nft-ours-4.selection-b-rho-1of3-beta1.0.sh;scripts/weight_exps/run_sd3_4090_16gpu_nft-ours-4.selection-b-rho-1of3-beta1.0.sh	4cb450b5295cd0b5584e880c5799fd5ea9c8994e2a325703e42353a676522bde;4cb450b5295cd0b5584e880c5799fd5ea9c8994e2a325703e42353a676522bde	scripts/train_nft_sd3_ours-4.singleloss-alpha-selection.py;scripts/train_nft_sd3_ours-4.singleloss-alpha-selection.py	bd6650a7721ed04dd66f31f53b7ea2a27c5a801f17512723027412494ac8048c;bd6650a7721ed04dd66f31f53b7ea2a27c5a801f17512723027412494ac8048c	PASS
sd35-geneval-nft-ours-4selection-b-rho-2of3-kl1e-4-beta0p2-fulltime-r1-20260909	geneval	usw2	kevinliu-vs4b23b02-260910-01071255	STOPPED	2026-10-02T07:58:54.377909Z	/mnt/shared_storage/usr/kevinliu/velocity-reweighting/weight_exps/sd35-geneval-nft-ours-4selection-b-rho-2of3-kl1e-4-beta0p2-fulltime-r1-20260909/logs	/mnt/shared_storage/usr/kevinliu/velocity-reweighting/weight_exps/sd35-geneval-nft-ours-4selection-b-rho-2of3-kl1e-4-beta0p2-fulltime-r1-20260909/logs/weight_exps/sd35-geneval-nft-ours-4selection-b-rho-2of3-kl1e-4-beta0p2-fulltime-r1-20260909_2026.09.09_17.13.53/events.out.tfevents.1788974034.kevinliu-vs4b23b02-260910-01071255-workers-0-0-0.1847.0@bytes=692926@sha256=702c5dfb1b8b72fb06207019ad8ffc4cc24fc02eab132b8e80802731a0245181	692926	runs/geneval/sd35-geneval-nft-ours-4selection-b-rho-2of3-kl1e-4-beta0p2-fulltime-r1-20260909/events.out.tfevents.image-free	692926	702c5dfb1b8b72fb06207019ad8ffc4cc24fc02eab132b8e80802731a0245181	12498	12498	0	0	51	12496	1	331	0.8991608023643494	330	0.9070743322372437	sha256:e7f5f08a1bfb492f19dfdffc589fbf56f6a4650b06de583d8b5298e19cf04d66	269270ef1211b603a3fa4e1364434b4f30389971	scripts/weight_exps/run_sd3_4090_16gpu_nft-ours-4.selection-b-rho-2of3-beta0.2.sh	baa798f4a10188a3e5e1404cfe7b42983123e66d4bacb066d89673f37b04b64d	scripts/train_nft_sd3_ours-4.singleloss-alpha-selection.py	bd6650a7721ed04dd66f31f53b7ea2a27c5a801f17512723027412494ac8048c	PASS
sd35-geneval-nft-ours-4selection-b-rho-2of3-kl1e-4-beta1-fulltime-r1-20260908	geneval	usw2	kevinliu-vs4b23-260909-00010378;kevinliu-vs4b23-260909-00010378;kevinliu-vs4b23-260909-00010378	STOPPED;STOPPED;STOPPED	2026-10-02T07:58:55.473217Z	/mnt/shared_storage/usr/kevinliu/velocity-reweighting/weight_exps/sd35-geneval-nft-ours-4selection-b-rho-2of3-kl1e-4-beta1-fulltime-r1-20260908/logs	/mnt/shared_storage/usr/kevinliu/velocity-reweighting/weight_exps/sd35-geneval-nft-ours-4selection-b-rho-2of3-kl1e-4-beta1-fulltime-r1-20260908/logs/weight_exps/sd35-geneval-nft-ours-4selection-b-rho-2of3-kl1e-4-beta1-fulltime-r1-20260908_2026.09.08_16.03.14/events.out.tfevents.1788883394.kevinliu-vs4b23-260909-00010378-workers-0-0-0.1900.0@bytes=199518@sha256=dff6cd78d85431671e04e1db5f504fcd6d4c43e3c9f74a727acf046fe903bdaa;/mnt/shared_storage/usr/kevinliu/velocity-reweighting/weight_exps/sd35-geneval-nft-ours-4selection-b-rho-2of3-kl1e-4-beta1-fulltime-r1-20260908/logs/weight_exps/sd35-geneval-nft-ours-4selection-b-rho-2of3-kl1e-4-beta1-fulltime-r1-20260908_2026.09.09_00.14.25/events.out.tfevents.1788912866.kevinliu-vs4b23-260909-00010378-workers-0-0-0.1843.0@bytes=24469@sha256=d11be0db973c01d34b8c69e2f6c1945f9bb6c4e86831c9b00fcae59f477d2dfc;/mnt/shared_storage/usr/kevinliu/velocity-reweighting/weight_exps/sd35-geneval-nft-ours-4selection-b-rho-2of3-kl1e-4-beta1-fulltime-r1-20260908/logs/weight_exps/sd35-geneval-nft-ours-4selection-b-rho-2of3-kl1e-4-beta1-fulltime-r1-20260908_2026.09.09_01.12.32/events.out.tfevents.1788916352.kevinliu-vs4b23-260909-00010378-workers-0-0-0.1852.0@bytes=414736@sha256=e045942f73163a8b782ef3d472a4841393e759bb2cb3f0c53a2073a694eb548f	638723	runs/geneval/sd35-geneval-nft-ours-4selection-b-rho-2of3-kl1e-4-beta1-fulltime-r1-20260908/events.out.tfevents.image-free	634984	d6bbbb681165d38d6a0b782b1c26bfe34d4df1efb146e194a77cf8b0904f2110	11459	11455	0	0	51	11453	1	304	0.8408564329147339	300	0.9014164209365845	sha256:e7f5f08a1bfb492f19dfdffc589fbf56f6a4650b06de583d8b5298e19cf04d66;sha256:e7f5f08a1bfb492f19dfdffc589fbf56f6a4650b06de583d8b5298e19cf04d66;sha256:e7f5f08a1bfb492f19dfdffc589fbf56f6a4650b06de583d8b5298e19cf04d66	269270ef1211b603a3fa4e1364434b4f30389971;269270ef1211b603a3fa4e1364434b4f30389971;269270ef1211b603a3fa4e1364434b4f30389971	scripts/weight_exps/run_sd3_4090_16gpu_nft-ours-4.selection-b-rho-2of3-beta1.0.sh;scripts/weight_exps/run_sd3_4090_16gpu_nft-ours-4.selection-b-rho-2of3-beta1.0.sh;scripts/weight_exps/run_sd3_4090_16gpu_nft-ours-4.selection-b-rho-2of3-beta1.0.sh	6efa42644e58b3eedffa6e92705d223bd6e8833f6f608b9c9eff95428dd2d410;6efa42644e58b3eedffa6e92705d223bd6e8833f6f608b9c9eff95428dd2d410;6efa42644e58b3eedffa6e92705d223bd6e8833f6f608b9c9eff95428dd2d410	scripts/train_nft_sd3_ours-4.singleloss-alpha-selection.py;scripts/train_nft_sd3_ours-4.singleloss-alpha-selection.py;scripts/train_nft_sd3_ours-4.singleloss-alpha-selection.py	bd6650a7721ed04dd66f31f53b7ea2a27c5a801f17512723027412494ac8048c;bd6650a7721ed04dd66f31f53b7ea2a27c5a801f17512723027412494ac8048c;bd6650a7721ed04dd66f31f53b7ea2a27c5a801f17512723027412494ac8048c	PASS
sd35-geneval-nft-ours-4selection-baseline-rho1-kl1e-4-beta1-fulltime-r1-20260908	geneval	usw2	kevinliu-vs4br1-260909-00002193;kevinliu-vs4br1-260909-00002193	STOPPED;STOPPED	2026-10-02T07:58:56.407696Z	/mnt/shared_storage/usr/kevinliu/velocity-reweighting/weight_exps/sd35-geneval-nft-ours-4selection-baseline-rho1-kl1e-4-beta1-fulltime-r1-20260908/logs	/mnt/shared_storage/usr/kevinliu/velocity-reweighting/weight_exps/sd35-geneval-nft-ours-4selection-baseline-rho1-kl1e-4-beta1-fulltime-r1-20260908/logs/weight_exps/sd35-geneval-nft-ours-4selection-baseline-rho1-kl1e-4-beta1-fulltime-r1-20260908_2026.09.08_16.03.45/events.out.tfevents.1788883425.kevinliu-vs4br1-260909-00002193-workers-0-0-0.1935.0@bytes=216178@sha256=ec49a89da1561ee6659effe4a5e89d49c242137a4154c8526c8076cfff11104d;/mnt/shared_storage/usr/kevinliu/velocity-reweighting/weight_exps/sd35-geneval-nft-ours-4selection-baseline-rho1-kl1e-4-beta1-fulltime-r1-20260908/logs/weight_exps/sd35-geneval-nft-ours-4selection-baseline-rho1-kl1e-4-beta1-fulltime-r1-20260908_2026.09.09_01.13.05/events.out.tfevents.1788916385.kevinliu-vs4br1-260909-00002193-workers-0-0-0.1841.0@bytes=1110825@sha256=3b21f88cb79b41af529ab76fbcae8418605a0c93490ba3803dfa512865bf8929	1327003	runs/geneval/sd35-geneval-nft-ours-4selection-baseline-rho1-kl1e-4-beta1-fulltime-r1-20260908/events.out.tfevents.image-free	1325232	130424eb1c2bc820dcba1cf68695d1d2aab6f3b3c8bb5848d929666eb9d3c846	23852	23850	0	0	51	23848	1	633	0.9751157760620117	630	0.9701737761497498	sha256:e7f5f08a1bfb492f19dfdffc589fbf56f6a4650b06de583d8b5298e19cf04d66;sha256:e7f5f08a1bfb492f19dfdffc589fbf56f6a4650b06de583d8b5298e19cf04d66	269270ef1211b603a3fa4e1364434b4f30389971;269270ef1211b603a3fa4e1364434b4f30389971	scripts/weight_exps/run_sd3_4090_16gpu_nft-ours-4.selection-baseline-rho1-beta1.0.sh;scripts/weight_exps/run_sd3_4090_16gpu_nft-ours-4.selection-baseline-rho1-beta1.0.sh	7f09be71617049e6eeb6c8996716f2e679390bf78e8efa8ccf95d1958e0d38b3;7f09be71617049e6eeb6c8996716f2e679390bf78e8efa8ccf95d1958e0d38b3	scripts/train_nft_sd3_ours-4.singleloss-alpha-selection.py;scripts/train_nft_sd3_ours-4.singleloss-alpha-selection.py	bd6650a7721ed04dd66f31f53b7ea2a27c5a801f17512723027412494ac8048c;bd6650a7721ed04dd66f31f53b7ea2a27c5a801f17512723027412494ac8048c	PASS
sd35-geneval-nft-ours-4selection-c-rho-1of2-kl1e-4-beta0p2-fulltime-r1-20260909	geneval	usw2	kevinliu-vs4c12b02-260910-01071257	STOPPED	2026-10-02T07:58:57.613693Z	/mnt/shared_storage/usr/kevinliu/velocity-reweighting/weight_exps/sd35-geneval-nft-ours-4selection-c-rho-1of2-kl1e-4-beta0p2-fulltime-r1-20260909/logs	/mnt/shared_storage/usr/kevinliu/velocity-reweighting/weight_exps/sd35-geneval-nft-ours-4selection-c-rho-1of2-kl1e-4-beta0p2-fulltime-r1-20260909/logs/weight_exps/sd35-geneval-nft-ours-4selection-c-rho-1of2-kl1e-4-beta0p2-fulltime-r1-20260909_2026.09.09_17.13.03/events.out.tfevents.1788973983.kevinliu-vs4c12b02-260910-01071257-workers-0-0-0.1845.0@bytes=690928@sha256=d4ec0c2300b40bdea28f4e56db149e1426aab6be0a19c95b6ecb7933fc79cc25	690928	runs/geneval/sd35-geneval-nft-ours-4selection-c-rho-1of2-kl1e-4-beta0p2-fulltime-r1-20260909/events.out.tfevents.image-free	690928	d4ec0c2300b40bdea28f4e56db149e1426aab6be0a19c95b6ecb7933fc79cc25	12462	12462	0	0	51	12460	1	330	0.8810040950775146	330	0.9131070375442505	sha256:e7f5f08a1bfb492f19dfdffc589fbf56f6a4650b06de583d8b5298e19cf04d66	269270ef1211b603a3fa4e1364434b4f30389971	scripts/weight_exps/run_sd3_4090_16gpu_nft-ours-4.selection-c-rho-1of2-beta0.2.sh	12267df5158edfb00540acd18e8bb59a40c49c56bcd8b923d92eafcfc1200f2a	scripts/train_nft_sd3_ours-4.singleloss-alpha-selection.py	bd6650a7721ed04dd66f31f53b7ea2a27c5a801f17512723027412494ac8048c	PASS
sd35-geneval-nft-ours-4selection-c-rho-1of2-kl1e-4-beta1-fulltime-r1-20260908	geneval	usw2	kevinliu-vs4c12-260909-00290419;kevinliu-vs4c12-260909-00290419	STOPPED;STOPPED	2026-10-02T07:58:57.860409Z	/mnt/shared_storage/usr/kevinliu/velocity-reweighting/weight_exps/sd35-geneval-nft-ours-4selection-c-rho-1of2-kl1e-4-beta1-fulltime-r1-20260908/logs	/mnt/shared_storage/usr/kevinliu/velocity-reweighting/weight_exps/sd35-geneval-nft-ours-4selection-c-rho-1of2-kl1e-4-beta1-fulltime-r1-20260908/logs/weight_exps/sd35-geneval-nft-ours-4selection-c-rho-1of2-kl1e-4-beta1-fulltime-r1-20260908_2026.09.08_16.31.14/events.out.tfevents.1788885074.kevinliu-vs4c12-260909-00290419-workers-0-0-0.1895.0@bytes=181607@sha256=641687d37121a9ef429f9cc21888f735bbe91cb14afe0a3867aa93b2f3b4f4af;/mnt/shared_storage/usr/kevinliu/velocity-reweighting/weight_exps/sd35-geneval-nft-ours-4selection-c-rho-1of2-kl1e-4-beta1-fulltime-r1-20260908/logs/weight_exps/sd35-geneval-nft-ours-4selection-c-rho-1of2-kl1e-4-beta1-fulltime-r1-20260908_2026.09.09_00.04.16/events.out.tfevents.1788912257.kevinliu-vs4c12-260909-00290419-workers-0-0-0.1849.0@bytes=442839@sha256=1da08c9aabd1019ab02bee00dc3128a6231f524b3f4829903998827c9afa8faa	624446	runs/geneval/sd35-geneval-nft-ours-4selection-c-rho-1of2-kl1e-4-beta1-fulltime-r1-20260908/events.out.tfevents.image-free	621961	1c2002ac0be963822f181fb9a863fa3050401a6b6ce935eb73c229bbd3b555e0	11238	11223	0	0	51	11221	1	298	0.9343171715736389	290	0.9366007447242737	sha256:e7f5f08a1bfb492f19dfdffc589fbf56f6a4650b06de583d8b5298e19cf04d66;sha256:e7f5f08a1bfb492f19dfdffc589fbf56f6a4650b06de583d8b5298e19cf04d66	269270ef1211b603a3fa4e1364434b4f30389971;269270ef1211b603a3fa4e1364434b4f30389971	scripts/weight_exps/run_sd3_4090_16gpu_nft-ours-4.selection-c-rho-1of2-beta1.0.sh;scripts/weight_exps/run_sd3_4090_16gpu_nft-ours-4.selection-c-rho-1of2-beta1.0.sh	deb9c0fff80eff87ae6d7d87e561611958f70e828a3aa134b83ec8e045a304ad;deb9c0fff80eff87ae6d7d87e561611958f70e828a3aa134b83ec8e045a304ad	scripts/train_nft_sd3_ours-4.singleloss-alpha-selection.py;scripts/train_nft_sd3_ours-4.singleloss-alpha-selection.py	bd6650a7721ed04dd66f31f53b7ea2a27c5a801f17512723027412494ac8048c;bd6650a7721ed04dd66f31f53b7ea2a27c5a801f17512723027412494ac8048c	PASS
sd35-geneval-nft-ours-4selection-c-rho-1of3-kl1e-4-beta0p2-fulltime-r1-20260909	geneval	usw2	kevinliu-vs4c13b02-260910-01071259	STOPPED	2026-10-02T07:58:59.512074Z	/mnt/shared_storage/usr/kevinliu/velocity-reweighting/weight_exps/sd35-geneval-nft-ours-4selection-c-rho-1of3-kl1e-4-beta0p2-fulltime-r1-20260909/logs	/mnt/shared_storage/usr/kevinliu/velocity-reweighting/weight_exps/sd35-geneval-nft-ours-4selection-c-rho-1of3-kl1e-4-beta0p2-fulltime-r1-20260909/logs/weight_exps/sd35-geneval-nft-ours-4selection-c-rho-1of3-kl1e-4-beta0p2-fulltime-r1-20260909_2026.09.09_17.11.59/events.out.tfevents.1788973919.kevinliu-vs4c13b02-260910-01071259-workers-0-0-0.1843.0@bytes=704824@sha256=6697e8eb4cfec60eced5b0101f51dc86ca613f36eb402e7f45bcc345748abbf9	704824	runs/geneval/sd35-geneval-nft-ours-4selection-c-rho-1of3-kl1e-4-beta0p2-fulltime-r1-20260909/events.out.tfevents.image-free	704824	6697e8eb4cfec60eced5b0101f51dc86ca613f36eb402e7f45bcc345748abbf9	12714	12714	0	0	51	12712	1	337	0.9019820094108582	330	0.9258093237876892	sha256:e7f5f08a1bfb492f19dfdffc589fbf56f6a4650b06de583d8b5298e19cf04d66	269270ef1211b603a3fa4e1364434b4f30389971	scripts/weight_exps/run_sd3_4090_16gpu_nft-ours-4.selection-c-rho-1of3-beta0.2.sh	8d36263f833d1d340b62d991472f34308a5bb9a9cf2f2c6360bfe43e9224653a	scripts/train_nft_sd3_ours-4.singleloss-alpha-selection.py	bd6650a7721ed04dd66f31f53b7ea2a27c5a801f17512723027412494ac8048c	PASS
sd35-geneval-nft-ours-4selection-c-rho-1of3-kl1e-4-beta1-fulltime-r1-20260908	geneval	usw2	kevinliu-vs4c13-260909-00291871;kevinliu-vs4c13-260909-00291871;kevinliu-vs4c13-260909-00291871	STOPPED;STOPPED;STOPPED	2026-10-02T07:59:00.783285Z	/mnt/shared_storage/usr/kevinliu/velocity-reweighting/weight_exps/sd35-geneval-nft-ours-4selection-c-rho-1of3-kl1e-4-beta1-fulltime-r1-20260908/logs	/mnt/shared_storage/usr/kevinliu/velocity-reweighting/weight_exps/sd35-geneval-nft-ours-4selection-c-rho-1of3-kl1e-4-beta1-fulltime-r1-20260908/logs/weight_exps/sd35-geneval-nft-ours-4selection-c-rho-1of3-kl1e-4-beta1-fulltime-r1-20260908_2026.09.08_16.31.28/events.out.tfevents.1788885088.kevinliu-vs4c13-260909-00291871-workers-0-0-0.1892.0@bytes=173114@sha256=6d181471d59f0fb8bb1622c78a5a86458fb4a5cb764bcc992baa65119d4daedc;/mnt/shared_storage/usr/kevinliu/velocity-reweighting/weight_exps/sd35-geneval-nft-ours-4selection-c-rho-1of3-kl1e-4-beta1-fulltime-r1-20260908/logs/weight_exps/sd35-geneval-nft-ours-4selection-c-rho-1of3-kl1e-4-beta1-fulltime-r1-20260908_2026.09.08_23.49.11/events.out.tfevents.1788911352.kevinliu-vs4c13-260909-00291871-workers-0-0-0.1916.0@bytes=36151@sha256=4861f869de5050f3fca000cf53feb34b2286638b29a1286ede941c4eb3f7155c;/mnt/shared_storage/usr/kevinliu/velocity-reweighting/weight_exps/sd35-geneval-nft-ours-4selection-c-rho-1of3-kl1e-4-beta1-fulltime-r1-20260908/logs/weight_exps/sd35-geneval-nft-ours-4selection-c-rho-1of3-kl1e-4-beta1-fulltime-r1-20260908_2026.09.09_01.27.36/events.out.tfevents.1788917256.kevinliu-vs4c13-260909-00291871-workers-0-0-0.1832.0@bytes=407749@sha256=baedc3fb56a0f59df16a1d0d987e25baad6231d50361ec0c875d62ce5c7d15c8	617014	runs/geneval/sd35-geneval-nft-ours-4selection-c-rho-1of3-kl1e-4-beta1-fulltime-r1-20260908/events.out.tfevents.image-free	611328	0171ec86bf81343bfb83bfac8b6fa789528a426db0b26c0ff59175b2ee6ee127	11070	11030	0	0	51	11028	1	292	0.9207899570465088	290	0.9469048976898193	sha256:e7f5f08a1bfb492f19dfdffc589fbf56f6a4650b06de583d8b5298e19cf04d66;sha256:e7f5f08a1bfb492f19dfdffc589fbf56f6a4650b06de583d8b5298e19cf04d66;sha256:e7f5f08a1bfb492f19dfdffc589fbf56f6a4650b06de583d8b5298e19cf04d66	269270ef1211b603a3fa4e1364434b4f30389971;269270ef1211b603a3fa4e1364434b4f30389971;269270ef1211b603a3fa4e1364434b4f30389971	scripts/weight_exps/run_sd3_4090_16gpu_nft-ours-4.selection-c-rho-1of3-beta1.0.sh;scripts/weight_exps/run_sd3_4090_16gpu_nft-ours-4.selection-c-rho-1of3-beta1.0.sh;scripts/weight_exps/run_sd3_4090_16gpu_nft-ours-4.selection-c-rho-1of3-beta1.0.sh	28d48225adfac0af80f1cd46a5602c90d87b908329c93d3a78f54d37254cfe69;28d48225adfac0af80f1cd46a5602c90d87b908329c93d3a78f54d37254cfe69;28d48225adfac0af80f1cd46a5602c90d87b908329c93d3a78f54d37254cfe69	scripts/train_nft_sd3_ours-4.singleloss-alpha-selection.py;scripts/train_nft_sd3_ours-4.singleloss-alpha-selection.py;scripts/train_nft_sd3_ours-4.singleloss-alpha-selection.py	bd6650a7721ed04dd66f31f53b7ea2a27c5a801f17512723027412494ac8048c;bd6650a7721ed04dd66f31f53b7ea2a27c5a801f17512723027412494ac8048c;bd6650a7721ed04dd66f31f53b7ea2a27c5a801f17512723027412494ac8048c	PASS
sd35-geneval-nft-ours-4selection-c-rho-2of3-kl1e-4-beta0p2-fulltime-r1-20260909	geneval	usw2	kevinliu-vs4c23b02-260910-01071261;kevinliu-vs4c23b02-260910-01071261	STOPPED;STOPPED	2026-10-02T07:59:01.086667Z	/mnt/shared_storage/usr/kevinliu/velocity-reweighting/weight_exps/sd35-geneval-nft-ours-4selection-c-rho-2of3-kl1e-4-beta0p2-fulltime-r1-20260909/logs	/mnt/shared_storage/usr/kevinliu/velocity-reweighting/weight_exps/sd35-geneval-nft-ours-4selection-c-rho-2of3-kl1e-4-beta0p2-fulltime-r1-20260909/logs/weight_exps/sd35-geneval-nft-ours-4selection-c-rho-2of3-kl1e-4-beta0p2-fulltime-r1-20260909_2026.09.09_17.17.24/events.out.tfevents.1788974244.kevinliu-vs4c23b02-260910-01071261-workers-0-0-0.1864.0@bytes=130045@sha256=46f76186ead9a371f5143c3f957b26614eac1f6ef23236df1d8de4c3330427c1;/mnt/shared_storage/usr/kevinliu/velocity-reweighting/weight_exps/sd35-geneval-nft-ours-4selection-c-rho-2of3-kl1e-4-beta0p2-fulltime-r1-20260909/logs/weight_exps/sd35-geneval-nft-ours-4selection-c-rho-2of3-kl1e-4-beta0p2-fulltime-r1-20260909_2026.09.09_22.21.53/events.out.tfevents.1788992513.kevinliu-vs4c23b02-260910-01071261-workers-0-0-0.1835.0@bytes=568812@sha256=64b0181d65d190c2c42d2128f14af80cecf5d153068ac242d425a9b313e1f51d	698857	runs/geneval/sd35-geneval-nft-ours-4selection-c-rho-2of3-kl1e-4-beta0p2-fulltime-r1-20260909/events.out.tfevents.image-free	697073	365e598a500715e35064f0dda77d5c5deefd6f6562d1ce1bd4a930772e28fc3b	12572	12570	0	0	51	12568	1	333	0.8626301884651184	330	0.906774640083313	sha256:e7f5f08a1bfb492f19dfdffc589fbf56f6a4650b06de583d8b5298e19cf04d66;sha256:e7f5f08a1bfb492f19dfdffc589fbf56f6a4650b06de583d8b5298e19cf04d66	269270ef1211b603a3fa4e1364434b4f30389971;269270ef1211b603a3fa4e1364434b4f30389971	scripts/weight_exps/run_sd3_4090_16gpu_nft-ours-4.selection-c-rho-2of3-beta0.2.sh;scripts/weight_exps/run_sd3_4090_16gpu_nft-ours-4.selection-c-rho-2of3-beta0.2.sh	481c82a1fe60270e19990febacbdaf96b9fccc16791f381f7d526f182c186cdc;481c82a1fe60270e19990febacbdaf96b9fccc16791f381f7d526f182c186cdc	scripts/train_nft_sd3_ours-4.singleloss-alpha-selection.py;scripts/train_nft_sd3_ours-4.singleloss-alpha-selection.py	bd6650a7721ed04dd66f31f53b7ea2a27c5a801f17512723027412494ac8048c;bd6650a7721ed04dd66f31f53b7ea2a27c5a801f17512723027412494ac8048c	PASS
sd35-geneval-nft-ours-4selection-c-rho-2of3-kl1e-4-beta1-fulltime-r1-20260908	geneval	usw2	kevinliu-vs4c23-260909-00293450;kevinliu-vs4c23-260909-00293450	STOPPED;STOPPED	2026-10-02T07:59:01.686986Z	/mnt/shared_storage/usr/kevinliu/velocity-reweighting/weight_exps/sd35-geneval-nft-ours-4selection-c-rho-2of3-kl1e-4-beta1-fulltime-r1-20260908/logs	/mnt/shared_storage/usr/kevinliu/velocity-reweighting/weight_exps/sd35-geneval-nft-ours-4selection-c-rho-2of3-kl1e-4-beta1-fulltime-r1-20260908/logs/weight_exps/sd35-geneval-nft-ours-4selection-c-rho-2of3-kl1e-4-beta1-fulltime-r1-20260908_2026.09.08_16.31.45/events.out.tfevents.1788885105.kevinliu-vs4c23-260909-00293450-workers-0-0-0.1905.0@bytes=177008@sha256=2cc56349bcee356af34e30ed595681129913cd9e69dacc9f481e7275f4ac28a8;/mnt/shared_storage/usr/kevinliu/velocity-reweighting/weight_exps/sd35-geneval-nft-ours-4selection-c-rho-2of3-kl1e-4-beta1-fulltime-r1-20260908/logs/weight_exps/sd35-geneval-nft-ours-4selection-c-rho-2of3-kl1e-4-beta1-fulltime-r1-20260908_2026.09.08_23.47.46/events.out.tfevents.1788911266.kevinliu-vs4c23-260909-00293450-workers-0-0-0.1842.0@bytes=449399@sha256=561531dfa369ff9590d8e96f42849e255f352ae61994ef56a39c5730d44ecb29	626407	runs/geneval/sd35-geneval-nft-ours-4selection-c-rho-2of3-kl1e-4-beta1-fulltime-r1-20260908/events.out.tfevents.image-free	624627	61874a936f53f48706516d126c848bb0a3fea28655de70a0d4632ce0087d242a	11273	11271	0	0	51	11269	1	299	0.94921875	290	0.9460806846618652	sha256:e7f5f08a1bfb492f19dfdffc589fbf56f6a4650b06de583d8b5298e19cf04d66;sha256:e7f5f08a1bfb492f19dfdffc589fbf56f6a4650b06de583d8b5298e19cf04d66	269270ef1211b603a3fa4e1364434b4f30389971;269270ef1211b603a3fa4e1364434b4f30389971	scripts/weight_exps/run_sd3_4090_16gpu_nft-ours-4.selection-c-rho-2of3-beta1.0.sh;scripts/weight_exps/run_sd3_4090_16gpu_nft-ours-4.selection-c-rho-2of3-beta1.0.sh	a372415a270a5fc337aac380cd201e803542cdeafe626f71210434f83e038b6d;a372415a270a5fc337aac380cd201e803542cdeafe626f71210434f83e038b6d	scripts/train_nft_sd3_ours-4.singleloss-alpha-selection.py;scripts/train_nft_sd3_ours-4.singleloss-alpha-selection.py	bd6650a7721ed04dd66f31f53b7ea2a27c5a801f17512723027412494ac8048c;bd6650a7721ed04dd66f31f53b7ea2a27c5a801f17512723027412494ac8048c	PASS
sd35-geneval-nft-ours-4selection-soft-baseline-rho1-kl1e-4-beta5-fulltime-r1-20260914	geneval	usw2	kevinliu-vs4gebr5-260915-01022335	STOPPED	2026-10-02T07:59:02.941692Z	/mnt/shared_storage/usr/kevinliu/velocity-reweighting/weight_exps/sd35-geneval-nft-ours-4selection-soft-baseline-rho1-kl1e-4-beta5-fulltime-r1-20260914/logs	/mnt/shared_storage/usr/kevinliu/velocity-reweighting/weight_exps/sd35-geneval-nft-ours-4selection-soft-baseline-rho1-kl1e-4-beta5-fulltime-r1-20260914/logs/weight_exps/weight_exps_others/sd35-geneval-nft-ours-4selection-soft-baseline-rho1-kl1e-4-beta5-fulltime-r1-20260914_2026.09.14_17.05.29/events.out.tfevents.1789405529.kevinliu-vs4gebr5-260915-01022335-workers-0-0-0.1854.0@bytes=889325@sha256=a795c216889a9c8220f9ca0f8d25ded5b677377b848c067c9d8ffe9a4936e51c	889325	runs/geneval/sd35-geneval-nft-ours-4selection-soft-baseline-rho1-kl1e-4-beta5-fulltime-r1-20260914/events.out.tfevents.image-free	889325	a795c216889a9c8220f9ca0f8d25ded5b677377b848c067c9d8ffe9a4936e51c	16026	16026	0	0	51	16024	1	425	0.0032552082557231188	420	0.004271582700312138	sha256:523202ec238fc042ce188d2d66d164804dfa3f040e0a08a29a2320f264b8cd30	90a8d10c3cefdf898026a3421fca6ee79acca387	scripts/weight_exps/weight_exps_others/run_sd3_geneval_4090_16gpu_nft-ours-4.selection-baseline-rho1-beta5.0.sh	f31e36511a510dd710a6b959d9151aac857064469899d7ff8a39824fead54e29	scripts/train_nft_sd3_ours-4.singleloss-alpha-selection-soft-record.py	06c562794e94d7223b42648c44e49033f1744bd7e87727c32b549a176912431e	PASS
sd35-geneval-nft-ours-4selection-soft-c-rho-2of3-kl1e-4-beta5-fulltime-r1-20260914	geneval	usw2	kevinliu-vs4gec23b5-260915-01022662	STOPPED	2026-10-02T07:59:04.960700Z	/mnt/shared_storage/usr/kevinliu/velocity-reweighting/weight_exps/sd35-geneval-nft-ours-4selection-soft-c-rho-2of3-kl1e-4-beta5-fulltime-r1-20260914/logs	/mnt/shared_storage/usr/kevinliu/velocity-reweighting/weight_exps/sd35-geneval-nft-ours-4selection-soft-c-rho-2of3-kl1e-4-beta5-fulltime-r1-20260914/logs/weight_exps/weight_exps_others/sd35-geneval-nft-ours-4selection-soft-c-rho-2of3-kl1e-4-beta5-fulltime-r1-20260914_2026.09.14_17.05.32/events.out.tfevents.1789405533.kevinliu-vs4gec23b5-260915-01022662-workers-0-0-0.1850.0@bytes=887351@sha256=aa3744afd8664523e21871a199e27d528f76790d79d16a047f99f669fe186c48	887351	runs/geneval/sd35-geneval-nft-ours-4selection-soft-c-rho-2of3-kl1e-4-beta5-fulltime-r1-20260914/events.out.tfevents.image-free	887351	aa3744afd8664523e21871a199e27d528f76790d79d16a047f99f669fe186c48	15990	15990	0	0	51	15988	1	424	0.0	420	0.004159172531217337	sha256:523202ec238fc042ce188d2d66d164804dfa3f040e0a08a29a2320f264b8cd30	90a8d10c3cefdf898026a3421fca6ee79acca387	scripts/weight_exps/weight_exps_others/run_sd3_geneval_4090_16gpu_nft-ours-4.selection-c-rho-2of3-beta5.0.sh	d4ff0cbc8484a6c2695357d02c689b40423088d797705c4b45d2d89c7691c811	scripts/train_nft_sd3_ours-4.singleloss-alpha-selection-soft-record.py	06c562794e94d7223b42648c44e49033f1744bd7e87727c32b549a176912431e	PASS
sd35-geneval-nft-ours-4selection-tie-aware-baseline-rho1-kl1e-4-beta2-fulltime-r1-20260910	geneval	usw2	kevinliu-vs4tabr1b2-260911-04284485	STOPPED	2026-10-02T07:59:04.822519Z	/mnt/shared_storage/usr/kevinliu/velocity-reweighting/weight_exps/sd35-geneval-nft-ours-4selection-tie-aware-baseline-rho1-kl1e-4-beta2-fulltime-r1-20260910/logs	/mnt/shared_storage/usr/kevinliu/velocity-reweighting/weight_exps/sd35-geneval-nft-ours-4selection-tie-aware-baseline-rho1-kl1e-4-beta2-fulltime-r1-20260910/logs/weight_exps/sd35-geneval-nft-ours-4selection-tie-aware-baseline-rho1-kl1e-4-beta2-fulltime-r1-20260910_2026.09.10_20.33.09/events.out.tfevents.1789072389.kevinliu-vs4tabr1b2-260911-04284485-workers-0-0-0.1836.0@bytes=1433730@sha256=178cf97eab4a2c6285b70bd70b8db199a878b60ea7c3bb28b66efc6c02522beb	1433730	runs/geneval/sd35-geneval-nft-ours-4selection-tie-aware-baseline-rho1-kl1e-4-beta2-fulltime-r1-20260910/events.out.tfevents.image-free	1433730	178cf97eab4a2c6285b70bd70b8db199a878b60ea7c3bb28b66efc6c02522beb	25802	25802	0	0	51	25800	1	685	0.8015046715736389	680	0.852780282497406	sha256:845492c065741f2ee67ea274acca66d4788f09d6701c8259ba8efba0f7290b9f	895e62c0942856b243a014a5d9a529760b6380a2	scripts/weight_exps/weight_exps_geneval/run_sd3_4090_16gpu_nft-ours-4.selection-baseline-rho1-beta2.0.sh	e029898a78d03cfa18433b8b11626288f9305fc5de932b09514c4a67431620cf	scripts/train_nft_sd3_ours-4.singleloss-alpha-selection-tie-aware.py	2281bd70c8291391bb3f3f17b1c1a944a956a79efc8363dc0c796f07e81745dd	PASS
sd35-geneval-nft-ours-4selection-tie-aware-baseline-rho1-kl1e-4-beta5-fulltime-r1-20260910	geneval	usw2	kevinliu-vs4tabr1b5-260911-04300001;kevinliu-vs4tabr1b5-260911-04300001	STOPPED;STOPPED	2026-10-02T07:59:05.581406Z	/mnt/shared_storage/usr/kevinliu/velocity-reweighting/weight_exps/sd35-geneval-nft-ours-4selection-tie-aware-baseline-rho1-kl1e-4-beta5-fulltime-r1-20260910/logs	/mnt/shared_storage/usr/kevinliu/velocity-reweighting/weight_exps/sd35-geneval-nft-ours-4selection-tie-aware-baseline-rho1-kl1e-4-beta5-fulltime-r1-20260910/logs/weight_exps/sd35-geneval-nft-ours-4selection-tie-aware-baseline-rho1-kl1e-4-beta5-fulltime-r1-20260910_2026.09.10_20.32.48/events.out.tfevents.1789072369.kevinliu-vs4tabr1b5-260911-04300001-workers-0-0-0.1837.0@bytes=1378845@sha256=4c7c15f856d0dd290ab9f19ba9404c89edb59747112c7d1a109504269e004d7c;/mnt/shared_storage/usr/kevinliu/velocity-reweighting/weight_exps/sd35-geneval-nft-ours-4selection-tie-aware-baseline-rho1-kl1e-4-beta5-fulltime-r1-20260910/logs/weight_exps/sd35-geneval-nft-ours-4selection-tie-aware-baseline-rho1-kl1e-4-beta5-fulltime-r1-20260910_2026.09.12_23.10.23/events.out.tfevents.1789254624.kevinliu-vs4tabr1b5-260911-04300001-workers-0-0-0.1839.0@bytes=163547@sha256=a33ce27d9e5d9cb1033a57ec29ef2e963036daf6147e9d2775abf103ffc67540	1542392	runs/geneval/sd35-geneval-nft-ours-4selection-tie-aware-baseline-rho1-kl1e-4-beta5-fulltime-r1-20260910/events.out.tfevents.image-free	1538618	dc0f98a69366abbce5155b520e51f49e8506c71e46c9371b45dec067f0aacaf0	27720	27682	0	0	51	27680	1	735	0.0	730	0.005170863121747971	sha256:845492c065741f2ee67ea274acca66d4788f09d6701c8259ba8efba0f7290b9f;sha256:845492c065741f2ee67ea274acca66d4788f09d6701c8259ba8efba0f7290b9f	895e62c0942856b243a014a5d9a529760b6380a2;895e62c0942856b243a014a5d9a529760b6380a2	scripts/weight_exps/weight_exps_geneval/run_sd3_4090_16gpu_nft-ours-4.selection-baseline-rho1-beta5.0.sh;scripts/weight_exps/weight_exps_geneval/run_sd3_4090_16gpu_nft-ours-4.selection-baseline-rho1-beta5.0.sh	1e29e8943a9eb7b44d58975b3d024fb4650fb0b325bd2c35fac1fc3951229fd1;1e29e8943a9eb7b44d58975b3d024fb4650fb0b325bd2c35fac1fc3951229fd1	scripts/train_nft_sd3_ours-4.singleloss-alpha-selection-tie-aware.py;scripts/train_nft_sd3_ours-4.singleloss-alpha-selection-tie-aware.py	2281bd70c8291391bb3f3f17b1c1a944a956a79efc8363dc0c796f07e81745dd;2281bd70c8291391bb3f3f17b1c1a944a956a79efc8363dc0c796f07e81745dd	PASS
sd35-geneval-nft-ours-4selection-tie-aware-c-rho-1of2-kl1e-4-beta1-fulltime-r1-20260910	geneval	usw2	kevinliu-vs4tac12b1-260911-04300002	STOPPED	2026-10-02T07:59:06.250897Z	/mnt/shared_storage/usr/kevinliu/velocity-reweighting/weight_exps/sd35-geneval-nft-ours-4selection-tie-aware-c-rho-1of2-kl1e-4-beta1-fulltime-r1-20260910/logs	/mnt/shared_storage/usr/kevinliu/velocity-reweighting/weight_exps/sd35-geneval-nft-ours-4selection-tie-aware-c-rho-1of2-kl1e-4-beta1-fulltime-r1-20260910/logs/weight_exps/sd35-geneval-nft-ours-4selection-tie-aware-c-rho-1of2-kl1e-4-beta1-fulltime-r1-20260910_2026.09.10_20.32.47/events.out.tfevents.1789072367.kevinliu-vs4tac12b1-260911-04300002-workers-0-0-0.1843.0@bytes=1421826@sha256=c9c88ef13a9c52310a8ba433b8e089079ab79722bb319a991cf3f2573f76db40	1421826	runs/geneval/sd35-geneval-nft-ours-4selection-tie-aware-c-rho-1of2-kl1e-4-beta1-fulltime-r1-20260910/events.out.tfevents.image-free	1421826	c9c88ef13a9c52310a8ba433b8e089079ab79722bb319a991cf3f2573f76db40	25586	25586	0	0	51	25584	1	679	0.9172453284263611	680	0.9445443749427795	sha256:845492c065741f2ee67ea274acca66d4788f09d6701c8259ba8efba0f7290b9f	895e62c0942856b243a014a5d9a529760b6380a2	scripts/weight_exps/weight_exps_geneval/run_sd3_4090_16gpu_nft-ours-4.selection-c-rho-1of2-beta1.0.sh	deb9c0fff80eff87ae6d7d87e561611958f70e828a3aa134b83ec8e045a304ad	scripts/train_nft_sd3_ours-4.singleloss-alpha-selection-tie-aware.py	2281bd70c8291391bb3f3f17b1c1a944a956a79efc8363dc0c796f07e81745dd	PASS
sd35-geneval-nft-ours-4selection-tie-aware-c-rho-1of2-kl1e-4-beta2-fulltime-r1-20260910	geneval	usw2	kevinliu-vs4tac12b2-260911-04300003	STOPPED	2026-10-02T07:59:08.236783Z	/mnt/shared_storage/usr/kevinliu/velocity-reweighting/weight_exps/sd35-geneval-nft-ours-4selection-tie-aware-c-rho-1of2-kl1e-4-beta2-fulltime-r1-20260910/logs	/mnt/shared_storage/usr/kevinliu/velocity-reweighting/weight_exps/sd35-geneval-nft-ours-4selection-tie-aware-c-rho-1of2-kl1e-4-beta2-fulltime-r1-20260910/logs/weight_exps/sd35-geneval-nft-ours-4selection-tie-aware-c-rho-1of2-kl1e-4-beta2-fulltime-r1-20260910_2026.09.10_20.33.07/events.out.tfevents.1789072387.kevinliu-vs4tac12b2-260911-04300003-workers-0-0-0.1843.0@bytes=1414768@sha256=c2f5ab62a9fa0ecccf75d04305a23327001bc7c45bf6a77671277730eb06e291	1414768	runs/geneval/sd35-geneval-nft-ours-4selection-tie-aware-c-rho-1of2-kl1e-4-beta2-fulltime-r1-20260910/events.out.tfevents.image-free	1414768	c2f5ab62a9fa0ecccf75d04305a23327001bc7c45bf6a77671277730eb06e291	25462	25462	0	0	51	25460	1	676	0.9320023059844971	670	0.9256969690322876	sha256:845492c065741f2ee67ea274acca66d4788f09d6701c8259ba8efba0f7290b9f	895e62c0942856b243a014a5d9a529760b6380a2	scripts/weight_exps/weight_exps_geneval/run_sd3_4090_16gpu_nft-ours-4.selection-c-rho-1of2-beta2.0.sh	cd0377a969e436e6892ee59590131bf3af62edaadd464e2c994510517d0169ad	scripts/train_nft_sd3_ours-4.singleloss-alpha-selection-tie-aware.py	2281bd70c8291391bb3f3f17b1c1a944a956a79efc8363dc0c796f07e81745dd	PASS
sd35-geneval-nft-ours-4selection-tie-aware-c-rho-1of2-kl1e-4-beta5-fulltime-r1-20260910	geneval	usw2	kevinliu-vs4tac12b5-260911-04300004	STOPPED	2026-10-02T07:59:08.290594Z	/mnt/shared_storage/usr/kevinliu/velocity-reweighting/weight_exps/sd35-geneval-nft-ours-4selection-tie-aware-c-rho-1of2-kl1e-4-beta5-fulltime-r1-20260910/logs	/mnt/shared_storage/usr/kevinliu/velocity-reweighting/weight_exps/sd35-geneval-nft-ours-4selection-tie-aware-c-rho-1of2-kl1e-4-beta5-fulltime-r1-20260910/logs/weight_exps/sd35-geneval-nft-ours-4selection-tie-aware-c-rho-1of2-kl1e-4-beta5-fulltime-r1-20260910_2026.09.10_20.34.09/events.out.tfevents.1789072449.kevinliu-vs4tac12b5-260911-04300004-workers-0-0-0.1849.0@bytes=1555392@sha256=e6db025503eed6a760876e5f9b3f5cd0b84f5f495c20781aac9a0b9863196df1	1555392	runs/geneval/sd35-geneval-nft-ours-4selection-tie-aware-c-rho-1of2-kl1e-4-beta5-fulltime-r1-20260910/events.out.tfevents.image-free	1555392	e6db025503eed6a760876e5f9b3f5cd0b84f5f495c20781aac9a0b9863196df1	27986	27986	0	0	51	27984	1	743	0.0015190972480922937	740	0.00029976022779010236	sha256:845492c065741f2ee67ea274acca66d4788f09d6701c8259ba8efba0f7290b9f	895e62c0942856b243a014a5d9a529760b6380a2	scripts/weight_exps/weight_exps_geneval/run_sd3_4090_16gpu_nft-ours-4.selection-c-rho-1of2-beta5.0.sh	93f13ca3fd76eedf48d8e0992d5d257482f741dd8d14318d8d1c973866a2ae8b	scripts/train_nft_sd3_ours-4.singleloss-alpha-selection-tie-aware.py	2281bd70c8291391bb3f3f17b1c1a944a956a79efc8363dc0c796f07e81745dd	PASS
sd35-geneval-nft-ours-4selection-tie-aware-c-rho-1of3-kl1e-4-beta1-fulltime-r1-20260910	geneval	usw2	kevinliu-vs4tac13b1-260911-04300005	STOPPED	2026-10-02T07:59:09.650120Z	/mnt/shared_storage/usr/kevinliu/velocity-reweighting/weight_exps/sd35-geneval-nft-ours-4selection-tie-aware-c-rho-1of3-kl1e-4-beta1-fulltime-r1-20260910/logs	/mnt/shared_storage/usr/kevinliu/velocity-reweighting/weight_exps/sd35-geneval-nft-ours-4selection-tie-aware-c-rho-1of3-kl1e-4-beta1-fulltime-r1-20260910/logs/weight_exps/sd35-geneval-nft-ours-4selection-tie-aware-c-rho-1of3-kl1e-4-beta1-fulltime-r1-20260910_2026.09.10_21.22.38/events.out.tfevents.1789075358.kevinliu-vs4tac13b1-260911-04300005-workers-0-0-0.1839.0@bytes=1394577@sha256=3a86414d765ea97901fe880ad0174b8119bb153c964ed7e42c990f2c03cf5174	1394577	runs/geneval/sd35-geneval-nft-ours-4selection-tie-aware-c-rho-1of3-kl1e-4-beta1-fulltime-r1-20260910/events.out.tfevents.image-free	1394577	3a86414d765ea97901fe880ad0174b8119bb153c964ed7e42c990f2c03cf5174	25099	25099	0	0	51	25097	1	667	0.9882088899612427	660	0.976281464099884	sha256:845492c065741f2ee67ea274acca66d4788f09d6701c8259ba8efba0f7290b9f	895e62c0942856b243a014a5d9a529760b6380a2	scripts/weight_exps/weight_exps_geneval/run_sd3_4090_16gpu_nft-ours-4.selection-c-rho-1of3-beta1.0.sh	28d48225adfac0af80f1cd46a5602c90d87b908329c93d3a78f54d37254cfe69	scripts/train_nft_sd3_ours-4.singleloss-alpha-selection-tie-aware.py	2281bd70c8291391bb3f3f17b1c1a944a956a79efc8363dc0c796f07e81745dd	PASS
sd35-geneval-nft-ours-4selection-tie-aware-c-rho-1of3-kl1e-4-beta2-fulltime-r1-20260910	geneval	usw2	kevinliu-vs4tac13b2-260911-04300006	STOPPED	2026-10-02T07:59:09.700910Z	/mnt/shared_storage/usr/kevinliu/velocity-reweighting/weight_exps/sd35-geneval-nft-ours-4selection-tie-aware-c-rho-1of3-kl1e-4-beta2-fulltime-r1-20260910/logs	/mnt/shared_storage/usr/kevinliu/velocity-reweighting/weight_exps/sd35-geneval-nft-ours-4selection-tie-aware-c-rho-1of3-kl1e-4-beta2-fulltime-r1-20260910/logs/weight_exps/sd35-geneval-nft-ours-4selection-tie-aware-c-rho-1of3-kl1e-4-beta2-fulltime-r1-20260910_2026.09.10_21.22.41/events.out.tfevents.1789075361.kevinliu-vs4tac13b2-260911-04300006-workers-0-0-0.1842.0@bytes=1433739@sha256=07083b6fa8a8090b96dbd53c08e16f55f784e420efd7748807ea2b2fcec7f217	1433739	runs/geneval/sd35-geneval-nft-ours-4selection-tie-aware-c-rho-1of3-kl1e-4-beta2-fulltime-r1-20260910/events.out.tfevents.image-free	1433739	07083b6fa8a8090b96dbd53c08e16f55f784e420efd7748807ea2b2fcec7f217	25802	25802	0	0	51	25800	1	685	0.00028935185400769114	680	0.41632941365242004	sha256:845492c065741f2ee67ea274acca66d4788f09d6701c8259ba8efba0f7290b9f	895e62c0942856b243a014a5d9a529760b6380a2	scripts/weight_exps/weight_exps_geneval/run_sd3_4090_16gpu_nft-ours-4.selection-c-rho-1of3-beta2.0.sh	31e773a12f6f02a3bfaf60b6210447d730db4476b3c71c3b22e662e963ef84a2	scripts/train_nft_sd3_ours-4.singleloss-alpha-selection-tie-aware.py	2281bd70c8291391bb3f3f17b1c1a944a956a79efc8363dc0c796f07e81745dd	PASS
sd35-geneval-nft-ours-4selection-tie-aware-c-rho-1of3-kl1e-4-beta5-fulltime-r1-20260910	geneval	usw2	kevinliu-vs4tac13b5-260911-04300007	STOPPED	2026-10-02T07:59:11.719487Z	/mnt/shared_storage/usr/kevinliu/velocity-reweighting/weight_exps/sd35-geneval-nft-ours-4selection-tie-aware-c-rho-1of3-kl1e-4-beta5-fulltime-r1-20260910/logs	/mnt/shared_storage/usr/kevinliu/velocity-reweighting/weight_exps/sd35-geneval-nft-ours-4selection-tie-aware-c-rho-1of3-kl1e-4-beta5-fulltime-r1-20260910/logs/weight_exps/sd35-geneval-nft-ours-4selection-tie-aware-c-rho-1of3-kl1e-4-beta5-fulltime-r1-20260910_2026.09.10_21.41.43/events.out.tfevents.1789076503.kevinliu-vs4tac13b5-260911-04300007-workers-0-0-0.1839.0@bytes=1507580@sha256=c63664b3b722a1ebd00012039f94a4e460af807218a2b7c126e79eb48a9d59aa	1507580	runs/geneval/sd35-geneval-nft-ours-4selection-tie-aware-c-rho-1of3-kl1e-4-beta5-fulltime-r1-20260910/events.out.tfevents.image-free	1507580	c63664b3b722a1ebd00012039f94a4e460af807218a2b7c126e79eb48a9d59aa	27126	27126	0	0	51	27124	1	720	0.0	720	0.0016112111043184996	sha256:845492c065741f2ee67ea274acca66d4788f09d6701c8259ba8efba0f7290b9f	895e62c0942856b243a014a5d9a529760b6380a2	scripts/weight_exps/weight_exps_geneval/run_sd3_4090_16gpu_nft-ours-4.selection-c-rho-1of3-beta5.0.sh	9735b4bf318f276f3f336d6733015e91d25259f4f43b08270a5e5b013c26d6b8	scripts/train_nft_sd3_ours-4.singleloss-alpha-selection-tie-aware.py	2281bd70c8291391bb3f3f17b1c1a944a956a79efc8363dc0c796f07e81745dd	PASS
sd35-ocr-nft-ours-4selection-soft-baseline-rho1-kl1e-4-beta5-fulltime-r1-20260914	ocr	usw2	kevinliu-vs4ocrbr5-260915-01022995	STOPPED	2026-10-02T07:59:11.904079Z	/mnt/shared_storage/usr/kevinliu/velocity-reweighting/weight_exps/sd35-ocr-nft-ours-4selection-soft-baseline-rho1-kl1e-4-beta5-fulltime-r1-20260914/logs	/mnt/shared_storage/usr/kevinliu/velocity-reweighting/weight_exps/sd35-ocr-nft-ours-4selection-soft-baseline-rho1-kl1e-4-beta5-fulltime-r1-20260914/logs/weight_exps/weight_exps_others/sd35-ocr-nft-ours-4selection-soft-baseline-rho1-kl1e-4-beta5-fulltime-r1-20260914_2026.09.14_17.05.19/events.out.tfevents.1789405519.kevinliu-vs4ocrbr5-260915-01022995-workers-0-0-0.1265.0@bytes=1805310@sha256=7f116709e190b6e313bcaf946bd4e84c3735e84023e726c21d27bef6be6a559f	1805310	runs/ocr/sd35-ocr-nft-ours-4selection-soft-baseline-rho1-kl1e-4-beta5-fulltime-r1-20260914/events.out.tfevents.image-free	1805310	7f116709e190b6e313bcaf946bd4e84c3735e84023e726c21d27bef6be6a559f	32880	32880	0	0	36	32878	1	933	7.548309076810256e-05	930	0.0	sha256:523202ec238fc042ce188d2d66d164804dfa3f040e0a08a29a2320f264b8cd30	90a8d10c3cefdf898026a3421fca6ee79acca387	scripts/weight_exps/weight_exps_others/run_sd3_ocr_4090_16gpu_nft-ours-4.selection-baseline-rho1-beta5.0.sh	84e1fa1f659ca06b33056e00130b02a45a5823c6ad10f0d40ee36f8ba26aee97	scripts/train_nft_sd3_ours-4.singleloss-alpha-selection-soft-record.py	06c562794e94d7223b42648c44e49033f1744bd7e87727c32b549a176912431e	PASS
sd35-ocr-nft-ours-4selection-soft-c-rho-2of3-kl1e-4-beta5-fulltime-r1-20260914	ocr	usw2	kevinliu-vs4ocrc23b5-260915-01023329	STOPPED	2026-10-02T07:59:13.304499Z	/mnt/shared_storage/usr/kevinliu/velocity-reweighting/weight_exps/sd35-ocr-nft-ours-4selection-soft-c-rho-2of3-kl1e-4-beta5-fulltime-r1-20260914/logs	/mnt/shared_storage/usr/kevinliu/velocity-reweighting/weight_exps/sd35-ocr-nft-ours-4selection-soft-c-rho-2of3-kl1e-4-beta5-fulltime-r1-20260914/logs/weight_exps/weight_exps_others/sd35-ocr-nft-ours-4selection-soft-c-rho-2of3-kl1e-4-beta5-fulltime-r1-20260914_2026.09.14_17.08.54/events.out.tfevents.1789405735.kevinliu-vs4ocrc23b5-260915-01023329-workers-0-0-0.1263.0@bytes=1820827@sha256=4741e6bc620b28e5477d1b3aa8a1ca34817f2b8663374d539930547cddf92e52	1820827	runs/ocr/sd35-ocr-nft-ours-4selection-soft-c-rho-2of3-kl1e-4-beta5-fulltime-r1-20260914/events.out.tfevents.image-free	1820827	4741e6bc620b28e5477d1b3aa8a1ca34817f2b8663374d539930547cddf92e52	33162	33162	0	0	36	33160	1	941	0.0	940	0.0	sha256:523202ec238fc042ce188d2d66d164804dfa3f040e0a08a29a2320f264b8cd30	90a8d10c3cefdf898026a3421fca6ee79acca387	scripts/weight_exps/weight_exps_others/run_sd3_ocr_4090_16gpu_nft-ours-4.selection-c-rho-2of3-beta5.0.sh	4660b3ead1c3622cb6cb0abc03a8aa76ebeec5c8d27048c6ad416c98c19ec854	scripts/train_nft_sd3_ours-4.singleloss-alpha-selection-soft-record.py	06c562794e94d7223b42648c44e49033f1744bd7e87727c32b549a176912431e	PASS
sd35-pickscore-nft-ours-4selection-soft-b-rho-1of3-kl1e-4-beta10-fulltime-r1-20260913	pickscore	usw2	kevinliu-vs4psb13b10-260914-11260992	STOPPED	2026-10-02T07:59:13.246606Z	/mnt/shared_storage/usr/kevinliu/velocity-reweighting/weight_exps/sd35-pickscore-nft-ours-4selection-soft-b-rho-1of3-kl1e-4-beta10-fulltime-r1-20260913/logs	/mnt/shared_storage/usr/kevinliu/velocity-reweighting/weight_exps/sd35-pickscore-nft-ours-4selection-soft-b-rho-1of3-kl1e-4-beta10-fulltime-r1-20260913/logs/weight_exps/weight_exps_pickscore/sd35-pickscore-nft-ours-4selection-soft-b-rho-1of3-kl1e-4-beta10-fulltime-r1-20260913_2026.09.14_03.28.58/events.out.tfevents.1789356538.kevinliu-vs4psb13b10-260914-11260992-workers-0-0-0.964.0@bytes=591667@sha256=a98a5503691300fce307beedb5cb01fa1ba788684c02fb89b017f9d2656e4cd2	591667	runs/pickscore/sd35-pickscore-nft-ours-4selection-soft-b-rho-1of3-kl1e-4-beta10-fulltime-r1-20260913/events.out.tfevents.image-free	591667	a98a5503691300fce307beedb5cb01fa1ba788684c02fb89b017f9d2656e4cd2	10774	10774	0	0	36	10772	1	305	0.9031861424446106	300	0.9007552862167358	sha256:523202ec238fc042ce188d2d66d164804dfa3f040e0a08a29a2320f264b8cd30	942ea0d2512b535ee7796410e9e746ef522083b6	scripts/weight_exps/weight_exps_pickscore/run_sd3_4090_16gpu_nft-ours-4.selection-b-rho-1of3-beta10.0.sh	2ab383a2eee6cc95d9586bca9ae6d443b4e5be87eb4d6d4708051952bb2baf9f	scripts/train_nft_sd3_ours-4.singleloss-alpha-selection-soft-record.py	06c562794e94d7223b42648c44e49033f1744bd7e87727c32b549a176912431e	PASS
sd35-pickscore-nft-ours-4selection-soft-b-rho-1of3-kl1e-4-beta5-fulltime-r1-20260913	pickscore	usw2	kevinliu-vs4psb13b5-260914-11260148	STOPPED	2026-10-02T07:59:15.277725Z	/mnt/shared_storage/usr/kevinliu/velocity-reweighting/weight_exps/sd35-pickscore-nft-ours-4selection-soft-b-rho-1of3-kl1e-4-beta5-fulltime-r1-20260913/logs	/mnt/shared_storage/usr/kevinliu/velocity-reweighting/weight_exps/sd35-pickscore-nft-ours-4selection-soft-b-rho-1of3-kl1e-4-beta5-fulltime-r1-20260913/logs/weight_exps/weight_exps_pickscore/sd35-pickscore-nft-ours-4selection-soft-b-rho-1of3-kl1e-4-beta5-fulltime-r1-20260913_2026.09.14_03.28.39/events.out.tfevents.1789356519.kevinliu-vs4psb13b5-260914-11260148-workers-0-0-0.966.0@bytes=589733@sha256=e4a5b3e23721334c67468d64c7e5f4d6dc03424cc12213891ed41d0d3d9d59e4	589733	runs/pickscore/sd35-pickscore-nft-ours-4selection-soft-b-rho-1of3-kl1e-4-beta5-fulltime-r1-20260913/events.out.tfevents.image-free	589733	e4a5b3e23721334c67468d64c7e5f4d6dc03424cc12213891ed41d0d3d9d59e4	10739	10739	0	0	36	10737	1	304	0.8983398079872131	300	0.9071200489997864	sha256:523202ec238fc042ce188d2d66d164804dfa3f040e0a08a29a2320f264b8cd30	942ea0d2512b535ee7796410e9e746ef522083b6	scripts/weight_exps/weight_exps_pickscore/run_sd3_4090_16gpu_nft-ours-4.selection-b-rho-1of3-beta5.0.sh	5755cb37029b3fd142284f1549309087ef07c0ecf010fa43ef73cb888fa71c73	scripts/train_nft_sd3_ours-4.singleloss-alpha-selection-soft-record.py	06c562794e94d7223b42648c44e49033f1744bd7e87727c32b549a176912431e	PASS
sd35-pickscore-nft-ours-4selection-soft-b-rho-2of3-kl1e-4-beta10-fulltime-r1-20260913	pickscore	usw2	kevinliu-vs4psb23b10-260914-11261416	STOPPED	2026-10-02T07:59:15.281693Z	/mnt/shared_storage/usr/kevinliu/velocity-reweighting/weight_exps/sd35-pickscore-nft-ours-4selection-soft-b-rho-2of3-kl1e-4-beta10-fulltime-r1-20260913/logs	/mnt/shared_storage/usr/kevinliu/velocity-reweighting/weight_exps/sd35-pickscore-nft-ours-4selection-soft-b-rho-2of3-kl1e-4-beta10-fulltime-r1-20260913/logs/weight_exps/weight_exps_pickscore/sd35-pickscore-nft-ours-4selection-soft-b-rho-2of3-kl1e-4-beta10-fulltime-r1-20260913_2026.09.14_03.28.43/events.out.tfevents.1789356523.kevinliu-vs4psb23b10-260914-11261416-workers-0-0-0.969.0@bytes=580081@sha256=713e1c598ed231c62e6497c01f3f441c6c47513923bb46e3735c379e4bf8166f	580081	runs/pickscore/sd35-pickscore-nft-ours-4selection-soft-b-rho-2of3-kl1e-4-beta10-fulltime-r1-20260913/events.out.tfevents.image-free	580081	713e1c598ed231c62e6497c01f3f441c6c47513923bb46e3735c379e4bf8166f	10564	10564	0	0	36	10562	1	299	0.9010964632034302	300	0.9054272174835205	sha256:523202ec238fc042ce188d2d66d164804dfa3f040e0a08a29a2320f264b8cd30	942ea0d2512b535ee7796410e9e746ef522083b6	scripts/weight_exps/weight_exps_pickscore/run_sd3_4090_16gpu_nft-ours-4.selection-b-rho-2of3-beta10.0.sh	2afe12b91b64c37d7f6d8a44c8ed4dec13d722bb1c3abf2043e8e53a6d04e732	scripts/train_nft_sd3_ours-4.singleloss-alpha-selection-soft-record.py	06c562794e94d7223b42648c44e49033f1744bd7e87727c32b549a176912431e	PASS
sd35-pickscore-nft-ours-4selection-soft-b-rho-2of3-kl1e-4-beta5-fulltime-r1-20260913	pickscore	usw2	kevinliu-vs4psb23b5-260914-11260570	STOPPED	2026-10-02T07:59:16.572847Z	/mnt/shared_storage/usr/kevinliu/velocity-reweighting/weight_exps/sd35-pickscore-nft-ours-4selection-soft-b-rho-2of3-kl1e-4-beta5-fulltime-r1-20260913/logs	/mnt/shared_storage/usr/kevinliu/velocity-reweighting/weight_exps/sd35-pickscore-nft-ours-4selection-soft-b-rho-2of3-kl1e-4-beta5-fulltime-r1-20260913/logs/weight_exps/weight_exps_pickscore/sd35-pickscore-nft-ours-4selection-soft-b-rho-2of3-kl1e-4-beta5-fulltime-r1-20260913_2026.09.14_03.29.01/events.out.tfevents.1789356541.kevinliu-vs4psb23b5-260914-11260570-workers-0-0-0.971.0@bytes=583940@sha256=e2b125d6beb0744f77cdbf98b54c36dc0dca443a27d767fc5310f8e4564d63c5	583940	runs/pickscore/sd35-pickscore-nft-ours-4selection-soft-b-rho-2of3-kl1e-4-beta5-fulltime-r1-20260913/events.out.tfevents.image-free	583940	e2b125d6beb0744f77cdbf98b54c36dc0dca443a27d767fc5310f8e4564d63c5	10634	10634	0	0	36	10632	1	301	0.9029681086540222	300	0.9076309204101562	sha256:523202ec238fc042ce188d2d66d164804dfa3f040e0a08a29a2320f264b8cd30	942ea0d2512b535ee7796410e9e746ef522083b6	scripts/weight_exps/weight_exps_pickscore/run_sd3_4090_16gpu_nft-ours-4.selection-b-rho-2of3-beta5.0.sh	4a1140abd3e172fa2d8db9acca83eb4f069ff39af62e0205e2d358323ef3c073	scripts/train_nft_sd3_ours-4.singleloss-alpha-selection-soft-record.py	06c562794e94d7223b42648c44e49033f1744bd7e87727c32b549a176912431e	PASS
sd35-pickscore-nft-ours-4selection-soft-baseline-rho1-kl1e-4-beta0.5-fulltime-r1-20260912	pickscore	usw2	kevinliu-vs4psbr05-260913-12484791	STOPPED	2026-10-02T07:59:16.867608Z	/mnt/shared_storage/usr/kevinliu/velocity-reweighting/weight_exps/sd35-pickscore-nft-ours-4selection-soft-baseline-rho1-kl1e-4-beta0.5-fulltime-r1-20260912/logs	/mnt/shared_storage/usr/kevinliu/velocity-reweighting/weight_exps/sd35-pickscore-nft-ours-4selection-soft-baseline-rho1-kl1e-4-beta0.5-fulltime-r1-20260912/logs/weight_exps/weight_exps_pickscore/sd35-pickscore-nft-ours-4selection-soft-baseline-rho1-kl1e-4-beta0.5-fulltime-r1-20260912_2026.09.13_04.53.52/events.out.tfevents.1789275232.kevinliu-vs4psbr05-260913-12484791-workers-0-0-0.956.0@bytes=330173@sha256=78bd711eb5bc3708855777291cff54d4a436663bf5c83b30d60c0738aac2e705	330173	runs/pickscore/sd35-pickscore-nft-ours-4selection-soft-baseline-rho1-kl1e-4-beta0.5-fulltime-r1-20260912/events.out.tfevents.image-free	330173	78bd711eb5bc3708855777291cff54d4a436663bf5c83b30d60c0738aac2e705	6035	6035	0	0	36	6033	1	171	0.8728989362716675	170	0.8838369846343994	sha256:523202ec238fc042ce188d2d66d164804dfa3f040e0a08a29a2320f264b8cd30	6d8ecec4064ea81b02f0cc6e4e41f1499627352f	scripts/weight_exps/weight_exps_pickscore/run_sd3_4090_16gpu_nft-ours-4.selection-baseline-rho1-beta0.5.sh	1f44e1fd38750ad7e9bd902d1be1fdacedc08681ae8d96520e998707e0f9224c	scripts/train_nft_sd3_ours-4.singleloss-alpha-selection-soft-record.py	06c562794e94d7223b42648c44e49033f1744bd7e87727c32b549a176912431e	PASS
sd35-pickscore-nft-ours-4selection-soft-baseline-rho1-kl1e-4-beta1-fulltime-r1-20260912	pickscore	usw2	kevinliu-vs4psbr1-260913-12485459	STOPPED	2026-10-02T07:59:18.678712Z	/mnt/shared_storage/usr/kevinliu/velocity-reweighting/weight_exps/sd35-pickscore-nft-ours-4selection-soft-baseline-rho1-kl1e-4-beta1-fulltime-r1-20260912/logs	/mnt/shared_storage/usr/kevinliu/velocity-reweighting/weight_exps/sd35-pickscore-nft-ours-4selection-soft-baseline-rho1-kl1e-4-beta1-fulltime-r1-20260912/logs/weight_exps/weight_exps_pickscore/sd35-pickscore-nft-ours-4selection-soft-baseline-rho1-kl1e-4-beta1-fulltime-r1-20260912_2026.09.13_04.54.54/events.out.tfevents.1789275294.kevinliu-vs4psbr1-260913-12485459-workers-0-0-0.951.0@bytes=980135@sha256=32b7c25e6627cef7c1e149a2debf06cf5ba436f970a9d7a6b4361b531b53c605	980135	runs/pickscore/sd35-pickscore-nft-ours-4selection-soft-baseline-rho1-kl1e-4-beta1-fulltime-r1-20260912/events.out.tfevents.image-free	980135	32b7c25e6627cef7c1e149a2debf06cf5ba436f970a9d7a6b4361b531b53c605	17814	17814	0	0	36	17812	1	505	0.8903189897537231	500	0.8984017372131348	sha256:523202ec238fc042ce188d2d66d164804dfa3f040e0a08a29a2320f264b8cd30	6d8ecec4064ea81b02f0cc6e4e41f1499627352f	scripts/weight_exps/weight_exps_pickscore/run_sd3_4090_16gpu_nft-ours-4.selection-baseline-rho1-beta1.0.sh	852cd0f1360e0cb6bad98efa1ae1a419a5c5b1166fcdbab03d07504e8bafee24	scripts/train_nft_sd3_ours-4.singleloss-alpha-selection-soft-record.py	06c562794e94d7223b42648c44e49033f1744bd7e87727c32b549a176912431e	PASS
sd35-pickscore-nft-ours-4selection-soft-baseline-rho1-kl1e-4-beta10-fulltime-r1-20260913	pickscore	usw2	kevinliu-vs4psbr10-260914-11261839	STOPPED	2026-10-02T07:59:18.628310Z	/mnt/shared_storage/usr/kevinliu/velocity-reweighting/weight_exps/sd35-pickscore-nft-ours-4selection-soft-baseline-rho1-kl1e-4-beta10-fulltime-r1-20260913/logs	/mnt/shared_storage/usr/kevinliu/velocity-reweighting/weight_exps/sd35-pickscore-nft-ours-4selection-soft-baseline-rho1-kl1e-4-beta10-fulltime-r1-20260913/logs/weight_exps/weight_exps_pickscore/sd35-pickscore-nft-ours-4selection-soft-baseline-rho1-kl1e-4-beta10-fulltime-r1-20260913_2026.09.14_03.28.49/events.out.tfevents.1789356529.kevinliu-vs4psbr10-260914-11261839-workers-0-0-0.960.0@bytes=580753@sha256=e3e064e36626e441ec5d5926f20052e2ebe95d7ceb7240f58a997642ab298fd1	580753	runs/pickscore/sd35-pickscore-nft-ours-4selection-soft-baseline-rho1-kl1e-4-beta10-fulltime-r1-20260913/events.out.tfevents.image-free	580753	e3e064e36626e441ec5d5926f20052e2ebe95d7ceb7240f58a997642ab298fd1	10576	10576	0	0	36	10574	1	300	0.8965804576873779	300	0.9052724838256836	sha256:523202ec238fc042ce188d2d66d164804dfa3f040e0a08a29a2320f264b8cd30	942ea0d2512b535ee7796410e9e746ef522083b6	scripts/weight_exps/weight_exps_pickscore/run_sd3_4090_16gpu_nft-ours-4.selection-baseline-rho1-beta10.0.sh	a26380409af3fa94e2d3ca0ced9c697b77b7bc43431a25aff2e7b04d16005991	scripts/train_nft_sd3_ours-4.singleloss-alpha-selection-soft-record.py	06c562794e94d7223b42648c44e49033f1744bd7e87727c32b549a176912431e	PASS
sd35-pickscore-nft-ours-4selection-soft-baseline-rho1-kl1e-4-beta10-fulltime-r2-20260916	pickscore	usw2	kevinliu-vs4psbr10r2-260916-18015036	STOPPED	2026-10-02T07:59:19.946116Z	/mnt/shared_storage/usr/kevinliu/velocity-reweighting/weight_exps/sd35-pickscore-nft-ours-4selection-soft-baseline-rho1-kl1e-4-beta10-fulltime-r2-20260916/logs	/mnt/shared_storage/usr/kevinliu/velocity-reweighting/weight_exps/sd35-pickscore-nft-ours-4selection-soft-baseline-rho1-kl1e-4-beta10-fulltime-r2-20260916/logs/weight_exps/weight_exps_pickscore/sd35-pickscore-nft-ours-4selection-soft-baseline-rho1-kl1e-4-beta10-fulltime-r2-20260916_2026.09.16_10.04.02/events.out.tfevents.1789553042.kevinliu-vs4psbr10r2-260916-18015036-workers-0-0-0.970.0@bytes=1658047@sha256=f50d1a6856af2b1cb23a293fd9490ac40465c59f29b4e0ffee885b49b746802e	1658047	runs/pickscore/sd35-pickscore-nft-ours-4selection-soft-baseline-rho1-kl1e-4-beta10-fulltime-r2-20260916/events.out.tfevents.image-free	1658047	f50d1a6856af2b1cb23a293fd9490ac40465c59f29b4e0ffee885b49b746802e	30099	30099	0	0	36	30097	1	854	0.9196192622184753	850	0.9198799133300781	sha256:523202ec238fc042ce188d2d66d164804dfa3f040e0a08a29a2320f264b8cd30	82d62f9175f70f79fc15671f182361aa7bb7a22f	scripts/weight_exps/weight_exps_pickscore/run_sd3_4090_16gpu_nft-ours-4.selection-baseline-rho1-beta10.0.sh	a26380409af3fa94e2d3ca0ced9c697b77b7bc43431a25aff2e7b04d16005991	scripts/train_nft_sd3_ours-4.singleloss-alpha-selection-soft-record.py	06c562794e94d7223b42648c44e49033f1744bd7e87727c32b549a176912431e	PASS
sd35-pickscore-nft-ours-4selection-soft-baseline-rho1-kl1e-4-beta2-fulltime-r1-20260912	pickscore	usw2	kevinliu-vs4psbr2-260913-12490129	STOPPED	2026-10-02T07:59:20.106055Z	/mnt/shared_storage/usr/kevinliu/velocity-reweighting/weight_exps/sd35-pickscore-nft-ours-4selection-soft-baseline-rho1-kl1e-4-beta2-fulltime-r1-20260912/logs	/mnt/shared_storage/usr/kevinliu/velocity-reweighting/weight_exps/sd35-pickscore-nft-ours-4selection-soft-baseline-rho1-kl1e-4-beta2-fulltime-r1-20260912/logs/weight_exps/weight_exps_pickscore/sd35-pickscore-nft-ours-4selection-soft-baseline-rho1-kl1e-4-beta2-fulltime-r1-20260912_2026.09.13_04.54.13/events.out.tfevents.1789275253.kevinliu-vs4psbr2-260913-12490129-workers-0-0-0.952.0@bytes=980135@sha256=5c5939debebb398fdfd0954eeaef29eb2ebecdb61a2fa39061fb05eb82ff4721	980135	runs/pickscore/sd35-pickscore-nft-ours-4selection-soft-baseline-rho1-kl1e-4-beta2-fulltime-r1-20260912/events.out.tfevents.image-free	980135	5c5939debebb398fdfd0954eeaef29eb2ebecdb61a2fa39061fb05eb82ff4721	17814	17814	0	0	36	17812	1	505	0.8968493938446045	500	0.9063487648963928	sha256:523202ec238fc042ce188d2d66d164804dfa3f040e0a08a29a2320f264b8cd30	6d8ecec4064ea81b02f0cc6e4e41f1499627352f	scripts/weight_exps/weight_exps_pickscore/run_sd3_4090_16gpu_nft-ours-4.selection-baseline-rho1-beta2.0.sh	bf72437d9d24e4c3563a2c43df75880b29d0a743731dd53244e3e6c13663257a	scripts/train_nft_sd3_ours-4.singleloss-alpha-selection-soft-record.py	06c562794e94d7223b42648c44e49033f1744bd7e87727c32b549a176912431e	PASS
sd35-pickscore-nft-ours-4selection-soft-baseline-rho1-kl1e-4-beta5-fulltime-r1-20260913	pickscore	usw2	kevinliu-vs4psbr5-260913-20310001	STOPPED	2026-10-02T07:59:21.957910Z	/mnt/shared_storage/usr/kevinliu/velocity-reweighting/weight_exps/sd35-pickscore-nft-ours-4selection-soft-baseline-rho1-kl1e-4-beta5-fulltime-r1-20260913/logs	/mnt/shared_storage/usr/kevinliu/velocity-reweighting/weight_exps/sd35-pickscore-nft-ours-4selection-soft-baseline-rho1-kl1e-4-beta5-fulltime-r1-20260913/logs/weight_exps/weight_exps_pickscore/sd35-pickscore-nft-ours-4selection-soft-baseline-rho1-kl1e-4-beta5-fulltime-r1-20260913_2026.09.13_12.37.00/events.out.tfevents.1789303020.kevinliu-vs4psbr5-260913-20310001-workers-0-0-0.963.0@bytes=1226854@sha256=a829eaaa96263ec221a5c83b4b919e96bf52af4ab233fc455e395d7bc29f5b3b	1226854	runs/pickscore/sd35-pickscore-nft-ours-4selection-soft-baseline-rho1-kl1e-4-beta5-fulltime-r1-20260913/events.out.tfevents.image-free	1226854	a829eaaa96263ec221a5c83b4b919e96bf52af4ab233fc455e395d7bc29f5b3b	22285	22285	0	0	36	22283	1	632	0.9136475324630737	630	0.910647988319397	sha256:523202ec238fc042ce188d2d66d164804dfa3f040e0a08a29a2320f264b8cd30	6367b05fb8106ba828feac636f38830339478dd0	scripts/weight_exps/weight_exps_pickscore/run_sd3_4090_16gpu_nft-ours-4.selection-baseline-rho1-beta5.0.sh	bcb59129b594e67f1d414d1ceaf2163eb3c3e75cbbbe994b620419d01be23075	scripts/train_nft_sd3_ours-4.singleloss-alpha-selection-soft-record.py	06c562794e94d7223b42648c44e49033f1744bd7e87727c32b549a176912431e	PASS
sd35-pickscore-nft-ours-4selection-soft-baseline-rho1-kl1e-4-beta7-fulltime-r1-20260914	pickscore	usw2	kevinliu-vs4psbr7-260915-01020673	STOPPED	2026-10-02T07:59:21.987870Z	/mnt/shared_storage/usr/kevinliu/velocity-reweighting/weight_exps/sd35-pickscore-nft-ours-4selection-soft-baseline-rho1-kl1e-4-beta7-fulltime-r1-20260914/logs	/mnt/shared_storage/usr/kevinliu/velocity-reweighting/weight_exps/sd35-pickscore-nft-ours-4selection-soft-baseline-rho1-kl1e-4-beta7-fulltime-r1-20260914/logs/weight_exps/weight_exps_pickscore/sd35-pickscore-nft-ours-4selection-soft-baseline-rho1-kl1e-4-beta7-fulltime-r1-20260914_2026.09.14_17.08.35/events.out.tfevents.1789405716.kevinliu-vs4psbr7-260915-01020673-workers-0-0-0.963.0@bytes=3445733@sha256=65be05c41870ee244fed41bfdc81a44c8baf6a4d939d43efd9bff667cea18e15	3445733	runs/pickscore/sd35-pickscore-nft-ours-4selection-soft-baseline-rho1-kl1e-4-beta7-fulltime-r1-20260914/events.out.tfevents.image-free	3445733	65be05c41870ee244fed41bfdc81a44c8baf6a4d939d43efd9bff667cea18e15	62495	62495	0	0	36	62493	1	1775	0.9141025543212891	1770	0.9245327711105347	sha256:523202ec238fc042ce188d2d66d164804dfa3f040e0a08a29a2320f264b8cd30	90a8d10c3cefdf898026a3421fca6ee79acca387	scripts/weight_exps/weight_exps_pickscore/run_sd3_4090_16gpu_nft-ours-4.selection-baseline-rho1-beta7.0.sh	df882b3ff4fd2bb9acda27c4787b78d48431f72aaa59951d14ff3f9a33ee581c	scripts/train_nft_sd3_ours-4.singleloss-alpha-selection-soft-record.py	06c562794e94d7223b42648c44e49033f1744bd7e87727c32b549a176912431e	PASS
sd35-pickscore-nft-ours-4selection-soft-c-rho-1of2-kl1e-4-beta10-fulltime-r2-20260916	pickscore	usw2	kevinliu-vs4psc12b10r2-260916-18014288	STOPPED	2026-10-02T07:59:23.411972Z	/mnt/shared_storage/usr/kevinliu/velocity-reweighting/weight_exps/sd35-pickscore-nft-ours-4selection-soft-c-rho-1of2-kl1e-4-beta10-fulltime-r2-20260916/logs	/mnt/shared_storage/usr/kevinliu/velocity-reweighting/weight_exps/sd35-pickscore-nft-ours-4selection-soft-c-rho-1of2-kl1e-4-beta10-fulltime-r2-20260916/logs/weight_exps/weight_exps_pickscore/sd35-pickscore-nft-ours-4selection-soft-c-rho-1of2-kl1e-4-beta10-fulltime-r2-20260916_2026.09.16_10.04.15/events.out.tfevents.1789553055.kevinliu-vs4psc12b10r2-260916-18014288-workers-0-0-0.959.0@bytes=1693708@sha256=d3d950d62bea3ef9f19e316070d72fb9ad80696ccd7284d0a8a2cdaf1ee8a967	1693708	runs/pickscore/sd35-pickscore-nft-ours-4selection-soft-c-rho-1of2-kl1e-4-beta10-fulltime-r2-20260916/events.out.tfevents.image-free	1693708	d3d950d62bea3ef9f19e316070d72fb9ad80696ccd7284d0a8a2cdaf1ee8a967	30745	30745	0	0	36	30743	1	873	0.9481924772262573	870	0.9271279573440552	sha256:523202ec238fc042ce188d2d66d164804dfa3f040e0a08a29a2320f264b8cd30	82d62f9175f70f79fc15671f182361aa7bb7a22f	scripts/weight_exps/weight_exps_pickscore/run_sd3_4090_16gpu_nft-ours-4.selection-c-rho-1of2-beta10.0.sh	9d1a46822c250769453b65088f0a9aee1a821b21a3eb23b6ea04c6a26233b709	scripts/train_nft_sd3_ours-4.singleloss-alpha-selection-soft-record.py	06c562794e94d7223b42648c44e49033f1744bd7e87727c32b549a176912431e	PASS
sd35-pickscore-nft-ours-4selection-soft-c-rho-1of2-kl1e-4-beta5-fulltime-r1-20260914	pickscore	usw2	kevinliu-vs4psc12b5-260915-01022003	STOPPED	2026-10-02T07:59:23.654396Z	/mnt/shared_storage/usr/kevinliu/velocity-reweighting/weight_exps/sd35-pickscore-nft-ours-4selection-soft-c-rho-1of2-kl1e-4-beta5-fulltime-r1-20260914/logs	/mnt/shared_storage/usr/kevinliu/velocity-reweighting/weight_exps/sd35-pickscore-nft-ours-4selection-soft-c-rho-1of2-kl1e-4-beta5-fulltime-r1-20260914/logs/weight_exps/weight_exps_pickscore/sd35-pickscore-nft-ours-4selection-soft-c-rho-1of2-kl1e-4-beta5-fulltime-r1-20260914_2026.09.14_17.05.08/events.out.tfevents.1789405508.kevinliu-vs4psc12b5-260915-01022003-workers-0-0-0.958.0@bytes=3454701@sha256=a6ef31a4682c6f7f875fe5efb3bcec020f04b04a71c7ac81cf1735768b37e946	3454701	runs/pickscore/sd35-pickscore-nft-ours-4selection-soft-c-rho-1of2-kl1e-4-beta5-fulltime-r1-20260914/events.out.tfevents.image-free	3454701	a6ef31a4682c6f7f875fe5efb3bcec020f04b04a71c7ac81cf1735768b37e946	62658	62658	0	0	36	62656	1	1779	0.9188229441642761	1770	0.9291002750396729	sha256:523202ec238fc042ce188d2d66d164804dfa3f040e0a08a29a2320f264b8cd30	90a8d10c3cefdf898026a3421fca6ee79acca387	scripts/weight_exps/weight_exps_pickscore/run_sd3_4090_16gpu_nft-ours-4.selection-c-rho-1of2-beta5.0.sh	93f13ca3fd76eedf48d8e0992d5d257482f741dd8d14318d8d1c973866a2ae8b	scripts/train_nft_sd3_ours-4.singleloss-alpha-selection-soft-record.py	06c562794e94d7223b42648c44e49033f1744bd7e87727c32b549a176912431e	PASS
sd35-pickscore-nft-ours-4selection-soft-c-rho-1of2-kl1e-4-beta7-fulltime-r1-20260914	pickscore	usw2	kevinliu-vs4psc12b7-260915-01021002;kevinliu-vs4psc12b7r600-260917-111311	STOPPED;STOPPED	2026-10-02T07:59:25.691740Z	/mnt/shared_storage/usr/kevinliu/velocity-reweighting/weight_exps/sd35-pickscore-nft-ours-4selection-soft-c-rho-1of2-kl1e-4-beta7-fulltime-r1-20260914/logs	/mnt/shared_storage/usr/kevinliu/velocity-reweighting/weight_exps/sd35-pickscore-nft-ours-4selection-soft-c-rho-1of2-kl1e-4-beta7-fulltime-r1-20260914/logs/weight_exps/weight_exps_pickscore/sd35-pickscore-nft-ours-4selection-soft-c-rho-1of2-kl1e-4-beta7-fulltime-r1-20260914_2026.09.14_17.05.29/events.out.tfevents.1789405529.kevinliu-vs4psc12b7-260915-01021002-workers-0-0-0.962.0@bytes=2843583@sha256=43e45de538fd7e4c000389381fcac9f7fed8c55f4c550d9fba098f77f1863f2c;/mnt/shared_storage/usr/kevinliu/velocity-reweighting/weight_exps/sd35-pickscore-nft-ours-4selection-soft-c-rho-1of2-kl1e-4-beta7-fulltime-r1-20260914/logs/weight_exps/weight_exps_pickscore/sd35-pickscore-nft-ours-4selection-soft-c-rho-1of2-kl1e-4-beta7-fulltime-r1-20260914_2026.09.17_16.37.43/events.out.tfevents.1789663064.kevinliu-vs4psc12b7r600-260917-111311-workers-0-0-0.974.0@bytes=482484@sha256=b628cb0f3672bf5c42f301f7006370c9f7e7ff594a0d105f84032db5da693ff1	3326067	runs/pickscore/sd35-pickscore-nft-ours-4selection-soft-c-rho-1of2-kl1e-4-beta7-fulltime-r1-20260914/events.out.tfevents.image-free	2843726	b90352e6fac88422a132e960a5dc5ee13a8ea2f43ad18c468368316a542fc235	60292	51582	0	0	36	51580	1	1465	0.9257137775421143	1460	0.9218916893005371	sha256:523202ec238fc042ce188d2d66d164804dfa3f040e0a08a29a2320f264b8cd30;unavailable	90a8d10c3cefdf898026a3421fca6ee79acca387;unavailable	scripts/weight_exps/weight_exps_pickscore/run_sd3_4090_16gpu_nft-ours-4.selection-c-rho-1of2-beta7.0.sh;unavailable	0c2baaa6af3240b53c9c2f33bd9b116547e09610243f50eef9d00b5a72524331;unavailable	scripts/train_nft_sd3_ours-4.singleloss-alpha-selection-soft-record.py;unavailable	06c562794e94d7223b42648c44e49033f1744bd7e87727c32b549a176912431e;unavailable	PASS
sd35-pickscore-nft-ours-4selection-soft-c-rho-1of3-kl1e-4-beta0.5-fulltime-r1-20260912	pickscore	usw2	kevinliu-vs4psc13b05-260913-12490793	STOPPED	2026-10-02T07:59:25.473500Z	/mnt/shared_storage/usr/kevinliu/velocity-reweighting/weight_exps/sd35-pickscore-nft-ours-4selection-soft-c-rho-1of3-kl1e-4-beta0.5-fulltime-r1-20260912/logs	/mnt/shared_storage/usr/kevinliu/velocity-reweighting/weight_exps/sd35-pickscore-nft-ours-4selection-soft-c-rho-1of3-kl1e-4-beta0.5-fulltime-r1-20260912/logs/weight_exps/weight_exps_pickscore/sd35-pickscore-nft-ours-4selection-soft-c-rho-1of3-kl1e-4-beta0.5-fulltime-r1-20260912_2026.09.13_04.54.21/events.out.tfevents.1789275261.kevinliu-vs4psc13b05-260913-12490793-workers-0-0-0.960.0@bytes=327570@sha256=f40feea3e14285ad8b619e460de97a9c7fd0ebdc364a02bb3f45491ebff3ff80	327570	runs/pickscore/sd35-pickscore-nft-ours-4selection-soft-c-rho-1of3-kl1e-4-beta0.5-fulltime-r1-20260912/events.out.tfevents.image-free	327570	f40feea3e14285ad8b619e460de97a9c7fd0ebdc364a02bb3f45491ebff3ff80	5988	5988	0	0	36	5986	1	169	0.8732302188873291	170	0.8803625702857971	sha256:523202ec238fc042ce188d2d66d164804dfa3f040e0a08a29a2320f264b8cd30	6d8ecec4064ea81b02f0cc6e4e41f1499627352f	scripts/weight_exps/weight_exps_pickscore/run_sd3_4090_16gpu_nft-ours-4.selection-c-rho-1of3-beta0.5.sh	283ae366cdd0daead63afaf3d2a3b9cacc95b3b7f9a962ab957eb654ba9ea3c0	scripts/train_nft_sd3_ours-4.singleloss-alpha-selection-soft-record.py	06c562794e94d7223b42648c44e49033f1744bd7e87727c32b549a176912431e	PASS
sd35-pickscore-nft-ours-4selection-soft-c-rho-1of3-kl1e-4-beta1-fulltime-r1-20260912	pickscore	usw2	kevinliu-vs4psc13b1-260913-12491463	STOPPED	2026-10-02T07:59:26.930323Z	/mnt/shared_storage/usr/kevinliu/velocity-reweighting/weight_exps/sd35-pickscore-nft-ours-4selection-soft-c-rho-1of3-kl1e-4-beta1-fulltime-r1-20260912/logs	/mnt/shared_storage/usr/kevinliu/velocity-reweighting/weight_exps/sd35-pickscore-nft-ours-4selection-soft-c-rho-1of3-kl1e-4-beta1-fulltime-r1-20260912/logs/weight_exps/weight_exps_pickscore/sd35-pickscore-nft-ours-4selection-soft-c-rho-1of3-kl1e-4-beta1-fulltime-r1-20260912_2026.09.13_04.54.09/events.out.tfevents.1789275250.kevinliu-vs4psc13b1-260913-12491463-workers-0-0-0.957.0@bytes=971170@sha256=cb8fdb5b94d87d2555b322f3a1b36be18a47212e0dbcfb17a5aa041680bd9ba3	971170	runs/pickscore/sd35-pickscore-nft-ours-4selection-soft-c-rho-1of3-kl1e-4-beta1-fulltime-r1-20260912/events.out.tfevents.image-free	971170	cb8fdb5b94d87d2555b322f3a1b36be18a47212e0dbcfb17a5aa041680bd9ba3	17651	17651	0	0	36	17649	1	501	0.9100550413131714	500	0.9005948305130005	sha256:523202ec238fc042ce188d2d66d164804dfa3f040e0a08a29a2320f264b8cd30	6d8ecec4064ea81b02f0cc6e4e41f1499627352f	scripts/weight_exps/weight_exps_pickscore/run_sd3_4090_16gpu_nft-ours-4.selection-c-rho-1of3-beta1.0.sh	28d48225adfac0af80f1cd46a5602c90d87b908329c93d3a78f54d37254cfe69	scripts/train_nft_sd3_ours-4.singleloss-alpha-selection-soft-record.py	06c562794e94d7223b42648c44e49033f1744bd7e87727c32b549a176912431e	PASS
sd35-pickscore-nft-ours-4selection-soft-c-rho-1of3-kl1e-4-beta10-fulltime-r1-20260913	pickscore	usw2	kevinliu-vs4psc13b10-260914-11262265	STOPPED	2026-10-02T07:59:27.359410Z	/mnt/shared_storage/usr/kevinliu/velocity-reweighting/weight_exps/sd35-pickscore-nft-ours-4selection-soft-c-rho-1of3-kl1e-4-beta10-fulltime-r1-20260913/logs	/mnt/shared_storage/usr/kevinliu/velocity-reweighting/weight_exps/sd35-pickscore-nft-ours-4selection-soft-c-rho-1of3-kl1e-4-beta10-fulltime-r1-20260913/logs/weight_exps/weight_exps_pickscore/sd35-pickscore-nft-ours-4selection-soft-c-rho-1of3-kl1e-4-beta10-fulltime-r1-20260913_2026.09.14_03.28.19/events.out.tfevents.1789356499.kevinliu-vs4psc13b10-260914-11262265-workers-0-0-0.958.0@bytes=582693@sha256=e9ca2fae38989db674efdeb5bd2d230008898f009693ed0c49bea9ce4b25fdcf	582693	runs/pickscore/sd35-pickscore-nft-ours-4selection-soft-c-rho-1of3-kl1e-4-beta10-fulltime-r1-20260913/events.out.tfevents.image-free	582693	e9ca2fae38989db674efdeb5bd2d230008898f009693ed0c49bea9ce4b25fdcf	10611	10611	0	0	36	10609	1	301	0.9049948453903198	300	0.9095689058303833	sha256:523202ec238fc042ce188d2d66d164804dfa3f040e0a08a29a2320f264b8cd30	942ea0d2512b535ee7796410e9e746ef522083b6	scripts/weight_exps/weight_exps_pickscore/run_sd3_4090_16gpu_nft-ours-4.selection-c-rho-1of3-beta10.0.sh	ddb0388aa1995e7953af30722d43902ae192228a420c6ea82413420d77625412	scripts/train_nft_sd3_ours-4.singleloss-alpha-selection-soft-record.py	06c562794e94d7223b42648c44e49033f1744bd7e87727c32b549a176912431e	PASS
sd35-pickscore-nft-ours-4selection-soft-c-rho-1of3-kl1e-4-beta2-fulltime-r1-20260912	pickscore	usw2	kevinliu-vs4psc13b2-260913-12492143	STOPPED	2026-10-02T07:59:28.825690Z	/mnt/shared_storage/usr/kevinliu/velocity-reweighting/weight_exps/sd35-pickscore-nft-ours-4selection-soft-c-rho-1of3-kl1e-4-beta2-fulltime-r1-20260912/logs	/mnt/shared_storage/usr/kevinliu/velocity-reweighting/weight_exps/sd35-pickscore-nft-ours-4selection-soft-c-rho-1of3-kl1e-4-beta2-fulltime-r1-20260912/logs/weight_exps/weight_exps_pickscore/sd35-pickscore-nft-ours-4selection-soft-c-rho-1of3-kl1e-4-beta2-fulltime-r1-20260912_2026.09.13_04.54.38/events.out.tfevents.1789275278.kevinliu-vs4psc13b2-260913-12492143-workers-0-0-0.955.0@bytes=980144@sha256=4c79eda38760a3dcdee27955a25859ff1766285c15e5a17290fa9f2fe7d47d96	980144	runs/pickscore/sd35-pickscore-nft-ours-4selection-soft-c-rho-1of3-kl1e-4-beta2-fulltime-r1-20260912/events.out.tfevents.image-free	980144	4c79eda38760a3dcdee27955a25859ff1766285c15e5a17290fa9f2fe7d47d96	17814	17814	0	0	36	17812	1	505	0.9024844765663147	500	0.9087818264961243	sha256:523202ec238fc042ce188d2d66d164804dfa3f040e0a08a29a2320f264b8cd30	6d8ecec4064ea81b02f0cc6e4e41f1499627352f	scripts/weight_exps/weight_exps_pickscore/run_sd3_4090_16gpu_nft-ours-4.selection-c-rho-1of3-beta2.0.sh	31e773a12f6f02a3bfaf60b6210447d730db4476b3c71c3b22e662e963ef84a2	scripts/train_nft_sd3_ours-4.singleloss-alpha-selection-soft-record.py	06c562794e94d7223b42648c44e49033f1744bd7e87727c32b549a176912431e	PASS
sd35-pickscore-nft-ours-4selection-soft-c-rho-1of3-kl1e-4-beta5-fulltime-r1-20260913	pickscore	usw2	kevinliu-vs4psc13b5-260913-20310002	STOPPED	2026-10-02T07:59:29.839147Z	/mnt/shared_storage/usr/kevinliu/velocity-reweighting/weight_exps/sd35-pickscore-nft-ours-4selection-soft-c-rho-1of3-kl1e-4-beta5-fulltime-r1-20260913/logs	/mnt/shared_storage/usr/kevinliu/velocity-reweighting/weight_exps/sd35-pickscore-nft-ours-4selection-soft-c-rho-1of3-kl1e-4-beta5-fulltime-r1-20260913/logs/weight_exps/weight_exps_pickscore/sd35-pickscore-nft-ours-4selection-soft-c-rho-1of3-kl1e-4-beta5-fulltime-r1-20260913_2026.09.13_12.36.34/events.out.tfevents.1789302995.kevinliu-vs4psc13b5-260913-20310002-workers-0-0-0.959.0@bytes=1227544@sha256=31d932f8b4b54a9b5df51e67c276abeefc1fad15bce34e413877b80d8ca54d28	1227544	runs/pickscore/sd35-pickscore-nft-ours-4selection-soft-c-rho-1of3-kl1e-4-beta5-fulltime-r1-20260913/events.out.tfevents.image-free	1227544	31d932f8b4b54a9b5df51e67c276abeefc1fad15bce34e413877b80d8ca54d28	22297	22297	0	0	36	22295	1	633	0.9135715961456299	630	0.9160118103027344	sha256:523202ec238fc042ce188d2d66d164804dfa3f040e0a08a29a2320f264b8cd30	6367b05fb8106ba828feac636f38830339478dd0	scripts/weight_exps/weight_exps_pickscore/run_sd3_4090_16gpu_nft-ours-4.selection-c-rho-1of3-beta5.0.sh	9735b4bf318f276f3f336d6733015e91d25259f4f43b08270a5e5b013c26d6b8	scripts/train_nft_sd3_ours-4.singleloss-alpha-selection-soft-record.py	06c562794e94d7223b42648c44e49033f1744bd7e87727c32b549a176912431e	PASS
sd35-pickscore-nft-ours-4selection-soft-c-rho-1of3-kl1e-4-beta7-fulltime-r1-20260914	pickscore	usw2	kevinliu-vs4psc13b7-260915-01021327	STOPPED	2026-10-02T07:59:30.434738Z	/mnt/shared_storage/usr/kevinliu/velocity-reweighting/weight_exps/sd35-pickscore-nft-ours-4selection-soft-c-rho-1of3-kl1e-4-beta7-fulltime-r1-20260914/logs	/mnt/shared_storage/usr/kevinliu/velocity-reweighting/weight_exps/sd35-pickscore-nft-ours-4selection-soft-c-rho-1of3-kl1e-4-beta7-fulltime-r1-20260914/logs/weight_exps/weight_exps_pickscore/sd35-pickscore-nft-ours-4selection-soft-c-rho-1of3-kl1e-4-beta7-fulltime-r1-20260914_2026.09.14_17.05.30/events.out.tfevents.1789405530.kevinliu-vs4psc13b7-260915-01021327-workers-0-0-0.968.0@bytes=3438018@sha256=61d6c09ef428498fd26e11ea264c59a749b0040d4eb435a437bce9a1cf2a1ee8	3438018	runs/pickscore/sd35-pickscore-nft-ours-4selection-soft-c-rho-1of3-kl1e-4-beta7-fulltime-r1-20260914/events.out.tfevents.image-free	3438018	61d6c09ef428498fd26e11ea264c59a749b0040d4eb435a437bce9a1cf2a1ee8	62355	62355	0	0	36	62353	1	1771	0.9220795035362244	1770	0.9225255250930786	sha256:523202ec238fc042ce188d2d66d164804dfa3f040e0a08a29a2320f264b8cd30	90a8d10c3cefdf898026a3421fca6ee79acca387	scripts/weight_exps/weight_exps_pickscore/run_sd3_4090_16gpu_nft-ours-4.selection-c-rho-1of3-beta7.0.sh	22dca036ee61464cf98f66addac04f59ba82f5c5ac8278c2fc74df50cc73c098	scripts/train_nft_sd3_ours-4.singleloss-alpha-selection-soft-record.py	06c562794e94d7223b42648c44e49033f1744bd7e87727c32b549a176912431e	PASS
sd35-pickscore-nft-ours-4selection-soft-c-rho-2of3-kl1e-4-beta0.5-fulltime-r1-20260912	pickscore	usw2	kevinliu-vs4psc23b05-260913-12492814	STOPPED	2026-10-02T07:59:30.751019Z	/mnt/shared_storage/usr/kevinliu/velocity-reweighting/weight_exps/sd35-pickscore-nft-ours-4selection-soft-c-rho-2of3-kl1e-4-beta0.5-fulltime-r1-20260912/logs	/mnt/shared_storage/usr/kevinliu/velocity-reweighting/weight_exps/sd35-pickscore-nft-ours-4selection-soft-c-rho-2of3-kl1e-4-beta0.5-fulltime-r1-20260912/logs/weight_exps/weight_exps_pickscore/sd35-pickscore-nft-ours-4selection-soft-c-rho-2of3-kl1e-4-beta0.5-fulltime-r1-20260912_2026.09.13_04.55.02/events.out.tfevents.1789275302.kevinliu-vs4psc23b05-260913-12492814-workers-0-0-0.959.0@bytes=329501@sha256=5bebc425f5d6b93b34712a216f3f5437061214e12156c4ead23fc9396f3f7f7f	329501	runs/pickscore/sd35-pickscore-nft-ours-4selection-soft-c-rho-2of3-kl1e-4-beta0.5-fulltime-r1-20260912/events.out.tfevents.image-free	329501	5bebc425f5d6b93b34712a216f3f5437061214e12156c4ead23fc9396f3f7f7f	6023	6023	0	0	36	6021	1	170	0.8816811442375183	170	0.8845049738883972	sha256:523202ec238fc042ce188d2d66d164804dfa3f040e0a08a29a2320f264b8cd30	6d8ecec4064ea81b02f0cc6e4e41f1499627352f	scripts/weight_exps/weight_exps_pickscore/run_sd3_4090_16gpu_nft-ours-4.selection-c-rho-2of3-beta0.5.sh	5a3eccbdc1268069db904d8f55d78df75f4236dd3d085a274051936e00663e3f	scripts/train_nft_sd3_ours-4.singleloss-alpha-selection-soft-record.py	06c562794e94d7223b42648c44e49033f1744bd7e87727c32b549a176912431e	PASS
sd35-pickscore-nft-ours-4selection-soft-c-rho-2of3-kl1e-4-beta1-fulltime-r1-20260912	pickscore	usw2	kevinliu-vs4psc23b1-260913-12493468	STOPPED	2026-10-02T07:59:32.336459Z	/mnt/shared_storage/usr/kevinliu/velocity-reweighting/weight_exps/sd35-pickscore-nft-ours-4selection-soft-c-rho-2of3-kl1e-4-beta1-fulltime-r1-20260912/logs	/mnt/shared_storage/usr/kevinliu/velocity-reweighting/weight_exps/sd35-pickscore-nft-ours-4selection-soft-c-rho-2of3-kl1e-4-beta1-fulltime-r1-20260912/logs/weight_exps/weight_exps_pickscore/sd35-pickscore-nft-ours-4selection-soft-c-rho-2of3-kl1e-4-beta1-fulltime-r1-20260912_2026.09.13_04.55.49/events.out.tfevents.1789275350.kevinliu-vs4psc23b1-260913-12493468-workers-0-0-0.957.0@bytes=976282@sha256=b9ba03a0f23c669963a327e97076f90981f71982641b3ca042488a37a8aed46a	976282	runs/pickscore/sd35-pickscore-nft-ours-4selection-soft-c-rho-2of3-kl1e-4-beta1-fulltime-r1-20260912/events.out.tfevents.image-free	976282	b9ba03a0f23c669963a327e97076f90981f71982641b3ca042488a37a8aed46a	17744	17744	0	0	36	17742	1	503	0.8850176334381104	500	0.898842990398407	sha256:523202ec238fc042ce188d2d66d164804dfa3f040e0a08a29a2320f264b8cd30	6d8ecec4064ea81b02f0cc6e4e41f1499627352f	scripts/weight_exps/weight_exps_pickscore/run_sd3_4090_16gpu_nft-ours-4.selection-c-rho-2of3-beta1.0.sh	a372415a270a5fc337aac380cd201e803542cdeafe626f71210434f83e038b6d	scripts/train_nft_sd3_ours-4.singleloss-alpha-selection-soft-record.py	06c562794e94d7223b42648c44e49033f1744bd7e87727c32b549a176912431e	PASS
sd35-pickscore-nft-ours-4selection-soft-c-rho-2of3-kl1e-4-beta10-fulltime-r1-20260913	pickscore	usw2	kevinliu-vs4psc23b10-260914-11262706	STOPPED	2026-10-02T07:59:33.364435Z	/mnt/shared_storage/usr/kevinliu/velocity-reweighting/weight_exps/sd35-pickscore-nft-ours-4selection-soft-c-rho-2of3-kl1e-4-beta10-fulltime-r1-20260913/logs	/mnt/shared_storage/usr/kevinliu/velocity-reweighting/weight_exps/sd35-pickscore-nft-ours-4selection-soft-c-rho-2of3-kl1e-4-beta10-fulltime-r1-20260913/logs/weight_exps/weight_exps_pickscore/sd35-pickscore-nft-ours-4selection-soft-c-rho-2of3-kl1e-4-beta10-fulltime-r1-20260913_2026.09.14_03.29.06/events.out.tfevents.1789356546.kevinliu-vs4psc23b10-260914-11262706-workers-0-0-0.963.0@bytes=585342@sha256=25b0c07abdd799d74dcb6be0ca98df50f9105a5729534acb59f20468a7db0c9b	585342	runs/pickscore/sd35-pickscore-nft-ours-4selection-soft-c-rho-2of3-kl1e-4-beta10-fulltime-r1-20260913/events.out.tfevents.image-free	585342	25b0c07abdd799d74dcb6be0ca98df50f9105a5729534acb59f20468a7db0c9b	10659	10659	0	0	36	10657	1	302	0.8945451378822327	300	0.9039011001586914	sha256:523202ec238fc042ce188d2d66d164804dfa3f040e0a08a29a2320f264b8cd30	942ea0d2512b535ee7796410e9e746ef522083b6	scripts/weight_exps/weight_exps_pickscore/run_sd3_4090_16gpu_nft-ours-4.selection-c-rho-2of3-beta10.0.sh	88387ff9c255c17710108765b205e77cfd180e48216159331f7832cebfd035e3	scripts/train_nft_sd3_ours-4.singleloss-alpha-selection-soft-record.py	06c562794e94d7223b42648c44e49033f1744bd7e87727c32b549a176912431e	PASS
sd35-pickscore-nft-ours-4selection-soft-c-rho-2of3-kl1e-4-beta10-fulltime-r2-20260916	pickscore	usw2	kevinliu-vs4psc23b10r2-260916-18014659	STOPPED	2026-10-02T07:59:34.145897Z	/mnt/shared_storage/usr/kevinliu/velocity-reweighting/weight_exps/sd35-pickscore-nft-ours-4selection-soft-c-rho-2of3-kl1e-4-beta10-fulltime-r2-20260916/logs	/mnt/shared_storage/usr/kevinliu/velocity-reweighting/weight_exps/sd35-pickscore-nft-ours-4selection-soft-c-rho-2of3-kl1e-4-beta10-fulltime-r2-20260916/logs/weight_exps/weight_exps_pickscore/sd35-pickscore-nft-ours-4selection-soft-c-rho-2of3-kl1e-4-beta10-fulltime-r2-20260916_2026.09.16_10.04.16/events.out.tfevents.1789553056.kevinliu-vs4psc23b10r2-260916-18014659-workers-0-0-0.962.0@bytes=1681342@sha256=40978f626290f17aa10acb7a3c0c4244c3f99957664dc4981de6b570e8da9ede	1681342	runs/pickscore/sd35-pickscore-nft-ours-4selection-soft-c-rho-2of3-kl1e-4-beta10-fulltime-r2-20260916/events.out.tfevents.image-free	1681342	40978f626290f17aa10acb7a3c0c4244c3f99957664dc4981de6b570e8da9ede	30521	30521	0	0	36	30519	1	866	0.9139817357063293	860	0.9177995920181274	sha256:523202ec238fc042ce188d2d66d164804dfa3f040e0a08a29a2320f264b8cd30	82d62f9175f70f79fc15671f182361aa7bb7a22f	scripts/weight_exps/weight_exps_pickscore/run_sd3_4090_16gpu_nft-ours-4.selection-c-rho-2of3-beta10.0.sh	88387ff9c255c17710108765b205e77cfd180e48216159331f7832cebfd035e3	scripts/train_nft_sd3_ours-4.singleloss-alpha-selection-soft-record.py	06c562794e94d7223b42648c44e49033f1744bd7e87727c32b549a176912431e	PASS
sd35-pickscore-nft-ours-4selection-soft-c-rho-2of3-kl1e-4-beta2-fulltime-r1-20260912	pickscore	usw2	kevinliu-vs4psc23b2-260913-12494132	STOPPED	2026-10-02T07:59:34.120108Z	/mnt/shared_storage/usr/kevinliu/velocity-reweighting/weight_exps/sd35-pickscore-nft-ours-4selection-soft-c-rho-2of3-kl1e-4-beta2-fulltime-r1-20260912/logs	/mnt/shared_storage/usr/kevinliu/velocity-reweighting/weight_exps/sd35-pickscore-nft-ours-4selection-soft-c-rho-2of3-kl1e-4-beta2-fulltime-r1-20260912/logs/weight_exps/weight_exps_pickscore/sd35-pickscore-nft-ours-4selection-soft-c-rho-2of3-kl1e-4-beta2-fulltime-r1-20260912_2026.09.13_04.54.01/events.out.tfevents.1789275242.kevinliu-vs4psc23b2-260913-12494132-workers-0-0-0.953.0@bytes=972420@sha256=d88bbb806e144ffed18a7bbd8b7c6260e78eaf1d9ffeb5379b0519c9922ce010	972420	runs/pickscore/sd35-pickscore-nft-ours-4selection-soft-c-rho-2of3-kl1e-4-beta2-fulltime-r1-20260912/events.out.tfevents.image-free	972420	d88bbb806e144ffed18a7bbd8b7c6260e78eaf1d9ffeb5379b0519c9922ce010	17674	17674	0	0	36	17672	1	501	0.9205679297447205	500	0.9090317487716675	sha256:523202ec238fc042ce188d2d66d164804dfa3f040e0a08a29a2320f264b8cd30	6d8ecec4064ea81b02f0cc6e4e41f1499627352f	scripts/weight_exps/weight_exps_pickscore/run_sd3_4090_16gpu_nft-ours-4.selection-c-rho-2of3-beta2.0.sh	1ae369c4121e089b7abbbdd0bffaebb7d8e77559a6f44f92570a04d62dc28ac0	scripts/train_nft_sd3_ours-4.singleloss-alpha-selection-soft-record.py	06c562794e94d7223b42648c44e49033f1744bd7e87727c32b549a176912431e	PASS
sd35-pickscore-nft-ours-4selection-soft-c-rho-2of3-kl1e-4-beta5-fulltime-r1-20260913	pickscore	usw2	kevinliu-vs4psc23b5-260913-20310003	STOPPED	2026-10-02T07:59:35.888714Z	/mnt/shared_storage/usr/kevinliu/velocity-reweighting/weight_exps/sd35-pickscore-nft-ours-4selection-soft-c-rho-2of3-kl1e-4-beta5-fulltime-r1-20260913/logs	/mnt/shared_storage/usr/kevinliu/velocity-reweighting/weight_exps/sd35-pickscore-nft-ours-4selection-soft-c-rho-2of3-kl1e-4-beta5-fulltime-r1-20260913/logs/weight_exps/weight_exps_pickscore/sd35-pickscore-nft-ours-4selection-soft-c-rho-2of3-kl1e-4-beta5-fulltime-r1-20260913_2026.09.13_12.36.57/events.out.tfevents.1789303017.kevinliu-vs4psc23b5-260913-20310003-workers-0-0-0.965.0@bytes=1233337@sha256=4cca76ee6afa6f421ed50ab01807a25b492b3b11c97fabc405803aaf3e127d91	1233337	runs/pickscore/sd35-pickscore-nft-ours-4selection-soft-c-rho-2of3-kl1e-4-beta5-fulltime-r1-20260913/events.out.tfevents.image-free	1233337	4cca76ee6afa6f421ed50ab01807a25b492b3b11c97fabc405803aaf3e127d91	22402	22402	0	0	36	22400	1	636	0.9213082790374756	630	0.918958306312561	sha256:523202ec238fc042ce188d2d66d164804dfa3f040e0a08a29a2320f264b8cd30	6367b05fb8106ba828feac636f38830339478dd0	scripts/weight_exps/weight_exps_pickscore/run_sd3_4090_16gpu_nft-ours-4.selection-c-rho-2of3-beta5.0.sh	3f7292115269163abf7e89eb9f060b8906c4c83684023f79e3fd24f6888ccf1d	scripts/train_nft_sd3_ours-4.singleloss-alpha-selection-soft-record.py	06c562794e94d7223b42648c44e49033f1744bd7e87727c32b549a176912431e	PASS
sd35-pickscore-nft-ours-4selection-soft-c-rho-2of3-kl1e-4-beta7-fulltime-r1-20260914	pickscore	usw2	kevinliu-vs4psc23b7-260915-01021663;kevinliu-vs4psc23b7-260915-01021663	STOPPED;STOPPED	2026-10-02T07:59:36.984104Z	/mnt/shared_storage/usr/kevinliu/velocity-reweighting/weight_exps/sd35-pickscore-nft-ours-4selection-soft-c-rho-2of3-kl1e-4-beta7-fulltime-r1-20260914/logs	/mnt/shared_storage/usr/kevinliu/velocity-reweighting/weight_exps/sd35-pickscore-nft-ours-4selection-soft-c-rho-2of3-kl1e-4-beta7-fulltime-r1-20260914/logs/weight_exps/weight_exps_pickscore/sd35-pickscore-nft-ours-4selection-soft-c-rho-2of3-kl1e-4-beta7-fulltime-r1-20260914_2026.09.14_17.05.02/events.out.tfevents.1789405502.kevinliu-vs4psc23b7-260915-01021663-workers-0-0-0.963.0@bytes=2718649@sha256=9942a714593281d63b96dd87a7516f4a9bd8335ee2a6b54a1209633734ce5128;/mnt/shared_storage/usr/kevinliu/velocity-reweighting/weight_exps/sd35-pickscore-nft-ours-4selection-soft-c-rho-2of3-kl1e-4-beta7-fulltime-r1-20260914/logs/weight_exps/weight_exps_pickscore/sd35-pickscore-nft-ours-4selection-soft-c-rho-2of3-kl1e-4-beta7-fulltime-r1-20260914_2026.09.17_08.23.37/events.out.tfevents.1789633417.kevinliu-vs4psc23b7-260915-01021663-workers-0-0-0.977.0@bytes=699231@sha256=555a750e51cdbcb90677e94e7f1d1ba58d62c34c285dff2812388381c2a269fd	3417880	runs/pickscore/sd35-pickscore-nft-ours-4selection-soft-c-rho-2of3-kl1e-4-beta7-fulltime-r1-20260914/events.out.tfevents.image-free	3416056	d4b003b15fef8b6094a125fcca9af7dd20c652da953f6830697e7e1559984c21	61956	61954	0	0	36	61952	1	1759	0.9154790043830872	1750	0.932364821434021	sha256:523202ec238fc042ce188d2d66d164804dfa3f040e0a08a29a2320f264b8cd30;sha256:523202ec238fc042ce188d2d66d164804dfa3f040e0a08a29a2320f264b8cd30	90a8d10c3cefdf898026a3421fca6ee79acca387;90a8d10c3cefdf898026a3421fca6ee79acca387	scripts/weight_exps/weight_exps_pickscore/run_sd3_4090_16gpu_nft-ours-4.selection-c-rho-2of3-beta7.0.sh;scripts/weight_exps/weight_exps_pickscore/run_sd3_4090_16gpu_nft-ours-4.selection-c-rho-2of3-beta7.0.sh	d50f1e5d1f553a89d75aebe8c9c77e016d78470e0f41b33e683784e52a3b5cf5;d50f1e5d1f553a89d75aebe8c9c77e016d78470e0f41b33e683784e52a3b5cf5	scripts/train_nft_sd3_ours-4.singleloss-alpha-selection-soft-record.py;scripts/train_nft_sd3_ours-4.singleloss-alpha-selection-soft-record.py	06c562794e94d7223b42648c44e49033f1744bd7e87727c32b549a176912431e;06c562794e94d7223b42648c44e49033f1744bd7e87727c32b549a176912431e	PASS
sd35-pickscore-nft-ours-4selection-soft-c-rho-3of4-kl1e-4-beta5-fulltime-r1-20260914	pickscore	usw2	kevinliu-vs4psc34b5-260915-01023651	STOPPED	2026-10-02T07:59:37.561371Z	/mnt/shared_storage/usr/kevinliu/velocity-reweighting/weight_exps/sd35-pickscore-nft-ours-4selection-soft-c-rho-3of4-kl1e-4-beta5-fulltime-r1-20260914/logs	/mnt/shared_storage/usr/kevinliu/velocity-reweighting/weight_exps/sd35-pickscore-nft-ours-4selection-soft-c-rho-3of4-kl1e-4-beta5-fulltime-r1-20260914/logs/weight_exps/weight_exps_pickscore/sd35-pickscore-nft-ours-4selection-soft-c-rho-3of4-kl1e-4-beta5-fulltime-r1-20260914_2026.09.14_17.11.19/events.out.tfevents.1789405879.kevinliu-vs4psc34b5-260915-01023651-workers-0-0-0.965.0@bytes=3425623@sha256=86a0975c2cc2c1fa45ff1254d04280a005d82d5006c90e5e2100357c5503a349	3425623	runs/pickscore/sd35-pickscore-nft-ours-4selection-soft-c-rho-3of4-kl1e-4-beta5-fulltime-r1-20260914/events.out.tfevents.image-free	3425623	86a0975c2cc2c1fa45ff1254d04280a005d82d5006c90e5e2100357c5503a349	62131	62131	0	0	36	62129	1	1764	0.8972209095954895	1760	0.910898745059967	sha256:523202ec238fc042ce188d2d66d164804dfa3f040e0a08a29a2320f264b8cd30	90a8d10c3cefdf898026a3421fca6ee79acca387	scripts/weight_exps/weight_exps_pickscore/run_sd3_4090_16gpu_nft-ours-4.selection-c-rho-3of4-beta5.0.sh	cc3048cb89551f2d4daa470a34a35fd31e58603bb4c58784e5ca8838e9c7caf1	scripts/train_nft_sd3_ours-4.singleloss-alpha-selection-soft-record.py	06c562794e94d7223b42648c44e49033f1744bd7e87727c32b549a176912431e	PASS
